<?xml version="1.0" encoding="UTF-8"?>
<!DOCTYPE X3D PUBLIC "ISO//Web3D//DTD X3D 3.0//EN" "http://www.web3d.org/specifications/x3d-3.0.dtd">
<X3D version="3.0" profile="Immersive" xmlns:xsd="http://www.w3.org/2001/XMLSchema-instance" xsd:noNamespaceSchemaLocation="http://www.web3d.org/specifications/x3d-3.0.xsd">
	<head>
		<meta name="filename" content="LoRa-E220-900M.x3d" />
		<meta name="created" content="2026-02-15 19:40:49" />
		<meta name="generator" content="Blender 5.0.1" />
		<meta name="translator" content="Web3D X3D/VRML2 format v2.5.1" />
	</head>
	<Scene>
		<NavigationInfo headlight="true"
		                visibilityLimit="0.0"
		                type='"EXAMINE", "ANY"'
		                avatarSize="0.25, 1.75, 0.75"
		                />
		<Background DEF="WO_World"
		            groundColor="0.051 0.051 0.051"
		            skyColor="0.051 0.051 0.051"
		            />
		<Transform DEF="IPEX_Base_TRANSFORM"
		           translation="-1.771750 0.423367 2.952706"
		           scale="39.370079 39.370079 39.370079"
		           rotation="-1.000000 0.000000 0.000000 1.570796"
		           >
			<Transform DEF="IPEX_Base_ifs_TRANSFORM"
			           translation="0.000000 0.000000 0.000000"
			           scale="1.000000 1.000000 1.000000"
			           rotation="0.000000 1.000000 0.000000 0.000000"
			           >
				<Group DEF="group_ME_Cube_003">
					<Shape>
						<Appearance>
							<Material DEF="MA_Radiator"
							          diffuseColor="0.772 0.772 0.772"
							          specularColor="0.401 0.401 0.401"
							          emissiveColor="0.000 0.000 0.000"
							          ambientIntensity="0.000"
							          shininess="0.500"
							          transparency="0.000"
							          />
						</Appearance>
						<IndexedFaceSet solid="false"
						                normalPerVertex="true"
						                texCoordIndex="0 1 2 3 -1 4 5 6 7 -1 8 9 10 11 -1 12 13 14 15 -1 16 17 18 19 -1 "
						                coordIndex="0 1 3 2 -1 2 3 7 6 -1 6 7 5 4 -1 2 6 4 0 -1 7 3 1 5 -1 "
						                >
							<Coordinate DEF="coords_ME_Cube_003"
							            point="0.010000 0.010000 -0.000750 -0.010000 0.010000 -0.000750 0.010000 0.010000 0.000750 -0.010000 0.010000 0.000750 0.010000 -0.010000 -0.000750 -0.010000 -0.010000 -0.000750 0.010000 -0.010000 0.000750 -0.010000 -0.010000 0.000750 "
							            />
							<Normal DEF="normals_ME_Cube_003"
							        vector="0.707107 0.707107 0.000000 -0.707107 0.707107 0.000000 0.577350 0.577350 0.577350 -0.577350 0.577350 0.577350 0.707107 -0.707107 0.000000 -0.707107 -0.707107 0.000000 0.577350 -0.577350 0.577350 -0.577350 -0.577350 0.577350 "
							        />
							<TextureCoordinate point="0.3750 0.0000 0.6250 0.0000 0.6250 0.2500 0.3750 0.2500 0.3750 0.2500 0.6250 0.2500 0.6250 0.5000 0.3750 0.5000 0.3750 0.5000 0.6250 0.5000 0.6250 0.7500 0.3750 0.7500 0.1250 0.5000 0.3750 0.5000 0.3750 0.7500 0.1250 0.7500 0.6250 0.5000 0.8750 0.5000 0.8750 0.7500 0.6250 0.7500 " />
						</IndexedFaceSet>
					</Shape>
				</Group>
			</Transform>
		</Transform>
		<Transform DEF="IPEX_Outer_TRANSFORM"
		           translation="-1.771750 0.600529 2.952706"
		           scale="39.370079 39.370079 39.370079"
		           rotation="-1.000000 0.000000 0.000000 1.570796"
		           >
			<Transform DEF="IPEX_Outer_ifs_TRANSFORM"
			           translation="0.000000 0.000000 0.000000"
			           scale="1.000000 1.000000 1.000000"
			           rotation="0.000000 1.000000 0.000000 0.000000"
			           >
				<Group DEF="group_ME_Cylinder">
					<Shape>
						<Appearance>
							<Material DEF="MA_Pins"
							          diffuseColor="0.800 0.650 0.134"
							          specularColor="0.401 0.401 0.401"
							          emissiveColor="0.000 0.000 0.000"
							          ambientIntensity="0.000"
							          shininess="0.500"
							          transparency="0.000"
							          />
						</Appearance>
						<IndexedFaceSet solid="false"
						                normalPerVertex="true"
						                texCoordIndex="0 1 2 3 -1 4 5 6 7 -1 8 9 10 11 -1 12 13 14 15 -1 16 17 18 19 -1 20 21 22 23 -1 24 25 26 27 -1 28 29 30 31 -1 32 33 34 35 -1 36 37 38 39 -1 40 41 42 43 -1 44 45 46 47 -1 48 49 50 51 -1 52 53 54 55 -1 56 57 58 59 -1 60 61 62 63 -1 64 65 66 67 -1 68 69 70 71 -1 72 73 74 75 -1 76 77 78 79 -1 80 81 82 83 -1 84 85 86 87 -1 88 89 90 91 -1 92 93 94 95 -1 96 97 98 99 -1 100 101 102 103 -1 104 105 106 107 -1 108 109 110 111 -1 112 113 114 115 -1 116 117 118 119 -1 120 121 122 123 -1 124 125 126 127 -1 128 129 130 -1 131 132 133 -1 134 135 136 -1 137 138 139 -1 140 141 142 -1 143 144 145 -1 146 147 148 -1 149 150 151 -1 152 153 154 -1 155 156 157 -1 158 159 160 -1 161 162 163 -1 164 165 166 -1 167 168 169 -1 170 171 172 -1 173 174 175 -1 176 177 178 -1 179 180 181 -1 182 183 184 -1 185 186 187 -1 188 189 190 -1 191 192 193 -1 194 195 196 -1 197 198 199 -1 200 201 202 -1 203 204 205 -1 206 207 208 -1 209 210 211 -1 212 213 214 -1 215 216 217 -1 218 219 220 -1 221 222 223 -1 224 225 226 -1 227 228 229 -1 230 231 232 -1 233 234 235 -1 236 237 238 -1 239 240 241 -1 242 243 244 -1 245 246 247 -1 248 249 250 -1 251 252 253 -1 254 255 256 -1 257 258 259 -1 260 261 262 -1 263 264 265 -1 266 267 268 -1 269 270 271 -1 272 273 274 -1 275 276 277 -1 278 279 280 -1 281 282 283 -1 284 285 286 -1 287 288 289 -1 290 291 292 -1 293 294 295 -1 296 297 298 -1 299 300 301 -1 302 303 304 -1 305 306 307 -1 308 309 310 -1 311 312 313 -1 314 315 316 -1 317 318 319 -1 "
						                coordIndex="0 1 3 2 -1 2 3 5 4 -1 4 5 7 6 -1 6 7 9 8 -1 8 9 11 10 -1 10 11 13 12 -1 12 13 15 14 -1 14 15 17 16 -1 16 17 19 18 -1 18 19 21 20 -1 20 21 23 22 -1 22 23 25 24 -1 24 25 27 26 -1 26 27 29 28 -1 28 29 31 30 -1 30 31 33 32 -1 32 33 35 34 -1 34 35 37 36 -1 36 37 39 38 -1 38 39 41 40 -1 40 41 43 42 -1 42 43 45 44 -1 44 45 47 46 -1 46 47 49 48 -1 48 49 51 50 -1 50 51 53 52 -1 52 53 55 54 -1 54 55 57 56 -1 56 57 59 58 -1 58 59 61 60 -1 60 61 63 62 -1 62 63 1 0 -1 63 65 1 -1 65 3 1 -1 63 127 65 -1 67 3 65 -1 61 125 63 -1 67 5 3 -1 115 117 53 -1 69 5 67 -1 59 123 61 -1 69 7 5 -1 21 19 83 -1 71 7 69 -1 57 121 59 -1 71 73 7 -1 117 119 55 -1 125 127 63 -1 55 119 57 -1 73 11 9 -1 73 9 7 -1 75 11 73 -1 53 117 55 -1 75 77 11 -1 81 17 15 -1 123 125 61 -1 51 115 53 -1 77 15 13 -1 77 13 11 -1 79 15 77 -1 49 113 51 -1 79 81 15 -1 23 21 85 -1 119 121 57 -1 81 19 17 -1 83 19 81 -1 49 47 113 -1 113 115 51 -1 47 109 111 -1 85 21 83 -1 45 109 47 -1 47 111 113 -1 45 107 109 -1 87 23 85 -1 43 107 45 -1 43 105 107 -1 89 23 87 -1 41 105 43 -1 89 25 23 -1 41 103 105 -1 91 27 89 -1 39 103 41 -1 121 123 59 -1 39 101 103 -1 93 27 91 -1 37 101 39 -1 93 29 27 -1 37 99 101 -1 95 29 93 -1 35 99 37 -1 95 31 29 -1 35 97 99 -1 97 31 95 -1 33 97 35 -1 97 33 31 -1 27 25 89 -1 "
						                >
							<Coordinate DEF="coords_ME_Cylinder"
							            point="-0.000000 0.009000 -0.003750 -0.000000 0.009000 0.003750 0.001756 0.008827 -0.003750 0.001756 0.008827 0.003750 0.003444 0.008315 -0.003750 0.003444 0.008315 0.003750 0.005000 0.007483 -0.003750 0.005000 0.007483 0.003750 0.006364 0.006364 -0.003750 0.006364 0.006364 0.003750 0.007483 0.005000 -0.003750 0.007483 0.005000 0.003750 0.008315 0.003444 -0.003750 0.008315 0.003444 0.003750 0.008827 0.001756 -0.003750 0.008827 0.001756 0.003750 0.009000 0.000000 -0.003750 0.009000 0.000000 0.003750 0.008827 -0.001756 -0.003750 0.008827 -0.001756 0.003750 0.008315 -0.003444 -0.003750 0.008315 -0.003444 0.003750 0.007483 -0.005000 -0.003750 0.007483 -0.005000 0.003750 0.006364 -0.006364 -0.003750 0.006364 -0.006364 0.003750 0.005000 -0.007483 -0.003750 0.005000 -0.007483 0.003750 0.003444 -0.008315 -0.003750 0.003444 -0.008315 0.003750 0.001756 -0.008827 -0.003750 0.001756 -0.008827 0.003750 0.000000 -0.009000 -0.003750 0.000000 -0.009000 0.003750 -0.001756 -0.008827 -0.003750 -0.001756 -0.008827 0.003750 -0.003444 -0.008315 -0.003750 -0.003444 -0.008315 0.003750 -0.005000 -0.007483 -0.003750 -0.005000 -0.007483 0.003750 -0.006364 -0.006364 -0.003750 -0.006364 -0.006364 0.003750 -0.007483 -0.005000 -0.003750 -0.007483 -0.005000 0.003750 -0.008315 -0.003444 -0.003750 -0.008315 -0.003444 0.003750 -0.008827 -0.001756 -0.003750 -0.008827 -0.001756 0.003750 -0.009000 -0.000000 -0.003750 -0.009000 -0.000000 0.003750 -0.008827 0.001756 -0.003750 -0.008827 0.001756 0.003750 -0.008315 0.003444 -0.003750 -0.008315 0.003444 0.003750 -0.007483 0.005000 -0.003750 -0.007483 0.005000 0.003750 -0.006364 0.006364 -0.003750 -0.006364 0.006364 0.003750 -0.005000 0.007483 -0.003750 -0.005000 0.007483 0.003750 -0.003444 0.008315 -0.003750 -0.003444 0.008315 0.003750 -0.001756 0.008827 -0.003750 -0.001756 0.008827 0.003750 -0.000000 0.008950 -0.003750 -0.000000 0.008950 0.003750 0.001746 0.008778 -0.003750 0.001746 0.008778 0.003750 0.003425 0.008269 -0.003750 0.003425 0.008269 0.003750 0.004972 0.007442 -0.003750 0.004972 0.007442 0.003750 0.006329 0.006329 -0.003750 0.006329 0.006329 0.003750 0.007442 0.004972 -0.003750 0.007442 0.004972 0.003750 0.008269 0.003425 -0.003750 0.008269 0.003425 0.003750 0.008778 0.001746 -0.003750 0.008778 0.001746 0.003750 0.008950 0.000000 -0.003750 0.008950 0.000000 0.003750 0.008778 -0.001746 -0.003750 0.008778 -0.001746 0.003750 0.008269 -0.003425 -0.003750 0.008269 -0.003425 0.003750 0.007442 -0.004972 -0.003750 0.007442 -0.004972 0.003750 0.006329 -0.006329 -0.003750 0.006329 -0.006329 0.003750 0.004972 -0.007442 -0.003750 0.004972 -0.007442 0.003750 0.003425 -0.008269 -0.003750 0.003425 -0.008269 0.003750 0.001746 -0.008778 -0.003750 0.001746 -0.008778 0.003750 0.000000 -0.008950 -0.003750 0.000000 -0.008950 0.003750 -0.001746 -0.008778 -0.003750 -0.001746 -0.008778 0.003750 -0.003425 -0.008269 -0.003750 -0.003425 -0.008269 0.003750 -0.004972 -0.007442 -0.003750 -0.004972 -0.007442 0.003750 -0.006329 -0.006329 -0.003750 -0.006329 -0.006329 0.003750 -0.007442 -0.004972 -0.003750 -0.007442 -0.004972 0.003750 -0.008269 -0.003425 -0.003750 -0.008269 -0.003425 0.003750 -0.008778 -0.001746 -0.003750 -0.008778 -0.001746 0.003750 -0.008950 -0.000000 -0.003750 -0.008950 -0.000000 0.003750 -0.008778 0.001746 -0.003750 -0.008778 0.001746 0.003750 -0.008269 0.003425 -0.003750 -0.008269 0.003425 0.003750 -0.007442 0.004972 -0.003750 -0.007442 0.004972 0.003750 -0.006329 0.006329 -0.003750 -0.006329 0.006329 0.003750 -0.004972 0.007442 -0.003750 -0.004972 0.007442 0.003750 -0.003425 0.008269 -0.003750 -0.003425 0.008269 0.003750 -0.001746 0.008778 -0.003750 -0.001746 0.008778 0.003750 "
							            />
							<Normal DEF="normals_ME_Cylinder"
							        vector="0.000000 1.000000 0.000000 0.000000 0.727878 0.685707 0.195090 0.980785 0.000000 0.142002 0.713893 0.685706 0.382683 0.923880 0.000000 0.278547 0.672473 0.685706 0.555570 0.831470 0.000000 0.404389 0.605211 0.685704 0.707107 0.707107 0.000000 0.514687 0.514687 0.685707 0.831470 0.555570 0.000000 0.605209 0.404390 0.685705 0.923880 0.382684 0.000000 0.672471 0.278547 0.685707 0.980785 0.195090 0.000000 0.713894 0.142002 0.685704 1.000000 0.000000 0.000000 0.727878 0.000000 0.685707 0.980785 -0.195090 0.000000 0.713893 -0.142002 0.685706 0.923880 -0.382684 0.000000 0.672473 -0.278547 0.685706 0.831470 -0.555570 0.000000 0.605209 -0.404390 0.685705 0.707107 -0.707107 0.000000 0.514687 -0.514687 0.685707 0.555570 -0.831470 0.000000 0.404389 -0.605211 0.685704 0.382683 -0.923880 0.000000 0.278547 -0.672473 0.685706 0.195090 -0.980785 0.000000 0.142002 -0.713893 0.685706 0.000000 -1.000000 0.000000 0.000000 -0.727878 0.685707 -0.195090 -0.980785 0.000000 -0.142003 -0.713893 0.685705 -0.382683 -0.923880 0.000000 -0.278547 -0.672473 0.685705 -0.555570 -0.831470 0.000000 -0.404385 -0.605210 0.685706 -0.707107 -0.707107 0.000000 -0.514691 -0.514687 0.685704 -0.831470 -0.555570 0.000000 -0.605207 -0.404389 0.685707 -0.923880 -0.382684 0.000000 -0.672473 -0.278547 0.685705 -0.980785 -0.195090 0.000000 -0.713894 -0.142002 0.685704 -1.000000 0.000000 0.000000 -0.727878 0.000000 0.685707 -0.980785 0.195090 0.000000 -0.713893 0.142002 0.685705 -0.923880 0.382684 0.000000 -0.672473 0.278547 0.685705 -0.831470 0.555570 0.000000 -0.605206 0.404389 0.685707 -0.707107 0.707107 0.000000 -0.514689 0.514688 0.685705 -0.555570 0.831470 0.000000 -0.404389 0.605209 0.685705 -0.382683 0.923880 0.000000 -0.278550 0.672472 0.685705 -0.195090 0.980785 0.000000 -0.142001 0.713895 0.685704 0.000000 -1.000000 0.000000 0.000000 -0.683620 0.729838 -0.195090 -0.980785 0.000000 -0.133367 -0.670484 0.729839 -0.382683 -0.923880 0.000000 -0.261610 -0.631582 0.729839 -0.555570 -0.831470 0.000000 -0.379798 -0.568408 0.729840 -0.707107 -0.707107 0.000000 -0.483392 -0.483392 0.729839 -0.831470 -0.555570 0.000000 -0.568410 -0.379797 0.729838 -0.923880 -0.382683 0.000000 -0.631583 -0.261610 0.729838 -0.980785 -0.195090 0.000000 -0.670483 -0.133367 0.729840 -1.000000 0.000000 0.000000 -0.683620 0.000000 0.729838 -0.980785 0.195090 0.000000 -0.670484 0.133367 0.729839 -0.923880 0.382683 0.000000 -0.631582 0.261610 0.729839 -0.831470 0.555570 0.000000 -0.568410 0.379797 0.729839 -0.707107 0.707107 0.000000 -0.483392 0.483392 0.729839 -0.555570 0.831470 0.000000 -0.379798 0.568408 0.729840 -0.382683 0.923880 0.000000 -0.261610 0.631582 0.729839 -0.195090 0.980785 0.000000 -0.133367 0.670484 0.729839 0.000000 1.000000 0.000000 0.000000 0.683620 0.729838 0.195090 0.980785 0.000000 0.133367 0.670484 0.729839 0.382683 0.923880 0.000000 0.261610 0.631582 0.729839 0.555570 0.831470 0.000000 0.379801 0.568407 0.729838 0.707107 0.707107 0.000000 0.483389 0.483392 0.729841 0.831470 0.555570 0.000000 0.568411 0.379798 0.729837 0.923880 0.382683 0.000000 0.631582 0.261610 0.729839 0.980785 0.195090 0.000000 0.670483 0.133367 0.729840 1.000000 0.000000 0.000000 0.683620 0.000000 0.729838 0.980785 -0.195090 0.000000 0.670483 -0.133368 0.729839 0.923880 -0.382683 0.000000 0.631582 -0.261610 0.729839 0.831470 -0.555570 0.000000 0.568412 -0.379797 0.729837 0.707107 -0.707107 0.000000 0.483391 -0.483392 0.729839 0.555570 -0.831470 0.000000 0.379797 -0.568409 0.729839 0.382683 -0.923880 0.000000 0.261607 -0.631582 0.729840 0.195090 -0.980785 0.000000 0.133368 -0.670483 0.729840 "
							        />
							<TextureCoordinate point="1.0000 0.0000 1.0000 1.0000 0.9688 1.0000 0.9688 0.0000 0.9688 0.0000 0.9688 1.0000 0.9375 1.0000 0.9375 0.0000 0.9375 0.0000 0.9375 1.0000 0.9062 1.0000 0.9062 0.0000 0.9062 0.0000 0.9062 1.0000 0.8750 1.0000 0.8750 0.0000 0.8750 0.0000 0.8750 1.0000 0.8438 1.0000 0.8438 0.0000 0.8438 0.0000 0.8438 1.0000 0.8125 1.0000 0.8125 0.0000 0.8125 0.0000 0.8125 1.0000 0.7812 1.0000 0.7812 0.0000 0.7812 0.0000 0.7812 1.0000 0.7500 1.0000 0.7500 0.0000 0.7500 0.0000 0.7500 1.0000 0.7188 1.0000 0.7188 0.0000 0.7188 0.0000 0.7188 1.0000 0.6875 1.0000 0.6875 0.0000 0.6875 0.0000 0.6875 1.0000 0.6562 1.0000 0.6562 0.0000 0.6562 0.0000 0.6562 1.0000 0.6250 1.0000 0.6250 0.0000 0.6250 0.0000 0.6250 1.0000 0.5938 1.0000 0.5938 0.0000 0.5938 0.0000 0.5938 1.0000 0.5625 1.0000 0.5625 0.0000 0.5625 0.0000 0.5625 1.0000 0.5312 1.0000 0.5312 0.0000 0.5312 0.0000 0.5312 1.0000 0.5000 1.0000 0.5000 0.0000 0.5000 0.0000 0.5000 1.0000 0.4688 1.0000 0.4688 0.0000 0.4688 0.0000 0.4688 1.0000 0.4375 1.0000 0.4375 0.0000 0.4375 0.0000 0.4375 1.0000 0.4062 1.0000 0.4062 0.0000 0.4062 0.0000 0.4062 1.0000 0.3750 1.0000 0.3750 0.0000 0.3750 0.0000 0.3750 1.0000 0.3438 1.0000 0.3438 0.0000 0.3438 0.0000 0.3438 1.0000 0.3125 1.0000 0.3125 0.0000 0.3125 0.0000 0.3125 1.0000 0.2812 1.0000 0.2812 0.0000 0.2812 0.0000 0.2812 1.0000 0.2500 1.0000 0.2500 0.0000 0.2500 0.0000 0.2500 1.0000 0.2188 1.0000 0.2188 0.0000 0.2188 0.0000 0.2188 1.0000 0.1875 1.0000 0.1875 0.0000 0.1875 0.0000 0.1875 1.0000 0.1562 1.0000 0.1562 0.0000 0.1562 0.0000 0.1562 1.0000 0.1250 1.0000 0.1250 0.0000 0.1250 0.0000 0.1250 1.0000 0.0938 1.0000 0.0938 0.0000 0.0938 0.0000 0.0938 1.0000 0.0625 1.0000 0.0625 0.0000 0.0625 0.0000 0.0625 1.0000 0.0312 1.0000 0.0312 0.0000 0.0312 0.0000 0.0312 1.0000 0.0000 1.0000 0.0000 0.0000 0.0000 0.0000 0.0000 0.0000 0.0000 0.0000 0.0000 0.0000 0.0000 0.0000 0.0000 0.0000 0.0000 0.0000 0.0000 0.0000 0.0000 0.0000 0.0000 0.0000 0.0000 0.0000 0.0000 0.0000 0.0000 0.0000 0.0000 0.0000 0.0000 0.0000 0.0000 0.0000 0.0000 0.0000 0.0000 0.0000 0.0000 0.0000 0.0000 0.0000 0.0000 0.0000 0.0000 0.0000 0.0000 0.0000 0.0000 0.0000 0.0000 0.0000 0.0000 0.0000 0.0000 0.0000 0.0000 0.0000 0.0000 0.0000 0.0000 0.0000 0.0000 0.0000 0.0000 0.0000 0.0000 0.0000 0.0000 0.0000 0.0000 0.0000 0.0000 0.0000 0.0000 0.0000 0.0000 0.0000 0.0000 0.0000 0.0000 0.0000 0.0000 0.0000 0.0000 0.0000 0.0000 0.0000 0.0000 0.0000 0.0000 0.0000 0.0000 0.0000 0.0000 0.0000 0.0000 0.0000 0.0000 0.0000 0.0000 0.0000 0.0000 0.0000 0.0000 0.0000 0.0000 0.0000 0.0000 0.0000 0.0000 0.0000 0.0000 0.0000 0.0000 0.0000 0.0000 0.0000 0.0000 0.0000 0.0000 0.0000 0.0000 0.0000 0.0000 0.0000 0.0000 0.0000 0.0000 0.0000 0.0000 0.0000 0.0000 0.0000 0.0000 0.0000 0.0000 0.0000 0.0000 0.0000 0.0000 0.0000 0.0000 0.0000 0.0000 0.0000 0.0000 0.0000 0.0000 0.0000 0.0000 0.0000 0.0000 0.0000 0.0000 0.0000 0.0000 0.0000 0.0000 0.0000 0.0000 0.0000 0.0000 0.0000 0.0000 0.0000 0.0000 0.0000 0.0000 0.0000 0.0000 0.0000 0.0000 0.0000 0.0000 0.0000 0.0000 0.0000 0.0000 0.0000 0.0000 0.0000 0.0000 0.0000 0.0000 0.0000 0.0000 0.0000 0.0000 0.0000 0.0000 0.0000 0.0000 0.0000 0.0000 0.0000 0.0000 0.0000 0.0000 0.0000 0.0000 0.0000 0.0000 0.0000 0.0000 0.0000 0.0000 0.0000 0.0000 0.0000 0.0000 0.0000 0.0000 0.0000 0.0000 0.0000 0.0000 0.0000 0.0000 0.0000 0.0000 0.0000 0.0000 0.0000 0.0000 0.0000 0.0000 0.0000 0.0000 0.0000 0.0000 0.0000 0.0000 0.0000 0.0000 0.0000 0.0000 0.0000 0.0000 0.0000 0.0000 0.0000 0.0000 0.0000 0.0000 0.0000 0.0000 0.0000 0.0000 0.0000 0.0000 0.0000 0.0000 0.0000 0.0000 0.0000 0.0000 0.0000 0.0000 0.0000 0.0000 0.0000 0.0000 0.0000 0.0000 0.0000 0.0000 0.0000 0.0000 0.0000 0.0000 0.0000 0.0000 0.0000 0.0000 0.0000 0.0000 0.0000 0.0000 0.0000 0.0000 0.0000 0.0000 0.0000 0.0000 0.0000 0.0000 0.0000 0.0000 0.0000 0.0000 0.0000 0.0000 0.0000 0.0000 0.0000 0.0000 0.0000 0.0000 0.0000 0.0000 0.0000 0.0000 0.0000 0.0000 0.0000 0.0000 0.0000 0.0000 0.0000 0.0000 0.0000 0.0000 0.0000 0.0000 0.0000 0.0000 0.0000 0.0000 0.0000 0.0000 0.0000 0.0000 0.0000 0.0000 0.0000 0.0000 0.0000 0.0000 0.0000 0.0000 0.0000 0.0000 0.0000 0.0000 0.0000 0.0000 0.0000 0.0000 0.0000 0.0000 0.0000 0.0000 0.0000 0.0000 0.0000 0.0000 0.0000 0.0000 0.0000 0.0000 0.0000 0.0000 0.0000 0.0000 0.0000 0.0000 0.0000 0.0000 0.0000 0.0000 0.0000 0.0000 0.0000 0.0000 0.0000 0.0000 0.0000 0.0000 0.0000 0.0000 0.0000 0.0000 0.0000 0.0000 0.0000 0.0000 0.0000 0.0000 0.0000 0.0000 0.0000 0.0000 0.0000 0.0000 0.0000 " />
						</IndexedFaceSet>
					</Shape>
					<Shape>
						<Appearance>
							<Material DEF="MA_Pins_003"
							          diffuseColor="0.800 0.650 0.134"
							          specularColor="0.401 0.401 0.401"
							          emissiveColor="0.000 0.000 0.000"
							          ambientIntensity="0.000"
							          shininess="0.500"
							          transparency="0.000"
							          />
						</Appearance>
						<IndexedFaceSet solid="false"
						                normalPerVertex="true"
						                texCoordIndex="0 1 2 3 -1 4 5 6 7 -1 8 9 10 11 -1 12 13 14 15 -1 16 17 18 19 -1 20 21 22 23 -1 24 25 26 27 -1 28 29 30 31 -1 32 33 34 35 -1 36 37 38 39 -1 40 41 42 43 -1 44 45 46 47 -1 48 49 50 51 -1 52 53 54 55 -1 56 57 58 59 -1 60 61 62 63 -1 64 65 66 67 -1 68 69 70 71 -1 72 73 74 75 -1 76 77 78 79 -1 80 81 82 83 -1 84 85 86 87 -1 88 89 90 91 -1 92 93 94 95 -1 96 97 98 99 -1 100 101 102 103 -1 104 105 106 107 -1 108 109 110 111 -1 112 113 114 115 -1 116 117 118 119 -1 120 121 122 123 -1 124 125 126 127 -1 "
						                coordIndex="64 66 67 65 -1 66 68 69 67 -1 68 70 71 69 -1 70 72 73 71 -1 72 74 75 73 -1 74 76 77 75 -1 76 78 79 77 -1 78 80 81 79 -1 80 82 83 81 -1 82 84 85 83 -1 84 86 87 85 -1 86 88 89 87 -1 88 90 91 89 -1 90 92 93 91 -1 92 94 95 93 -1 94 96 97 95 -1 96 98 99 97 -1 98 100 101 99 -1 100 102 103 101 -1 102 104 105 103 -1 104 106 107 105 -1 106 108 109 107 -1 108 110 111 109 -1 110 112 113 111 -1 112 114 115 113 -1 114 116 117 115 -1 116 118 119 117 -1 118 120 121 119 -1 120 122 123 121 -1 122 124 125 123 -1 124 126 127 125 -1 126 64 65 127 -1 "
						                >
							<Coordinate USE="coords_ME_Cylinder" />
							<Normal USE="normals_ME_Cylinder" />
							<TextureCoordinate point="1.0000 0.0000 0.9688 0.0000 0.9688 1.0000 1.0000 1.0000 0.9688 0.0000 0.9375 0.0000 0.9375 1.0000 0.9688 1.0000 0.9375 0.0000 0.9062 0.0000 0.9062 1.0000 0.9375 1.0000 0.9062 0.0000 0.8750 0.0000 0.8750 1.0000 0.9062 1.0000 0.8750 0.0000 0.8438 0.0000 0.8438 1.0000 0.8750 1.0000 0.8438 0.0000 0.8125 0.0000 0.8125 1.0000 0.8438 1.0000 0.8125 0.0000 0.7812 0.0000 0.7812 1.0000 0.8125 1.0000 0.7812 0.0000 0.7500 0.0000 0.7500 1.0000 0.7812 1.0000 0.7500 0.0000 0.7188 0.0000 0.7188 1.0000 0.7500 1.0000 0.7188 0.0000 0.6875 0.0000 0.6875 1.0000 0.7188 1.0000 0.6875 0.0000 0.6562 0.0000 0.6562 1.0000 0.6875 1.0000 0.6562 0.0000 0.6250 0.0000 0.6250 1.0000 0.6562 1.0000 0.6250 0.0000 0.5938 0.0000 0.5938 1.0000 0.6250 1.0000 0.5938 0.0000 0.5625 0.0000 0.5625 1.0000 0.5938 1.0000 0.5625 0.0000 0.5312 0.0000 0.5312 1.0000 0.5625 1.0000 0.5312 0.0000 0.5000 0.0000 0.5000 1.0000 0.5312 1.0000 0.5000 0.0000 0.4688 0.0000 0.4688 1.0000 0.5000 1.0000 0.4688 0.0000 0.4375 0.0000 0.4375 1.0000 0.4688 1.0000 0.4375 0.0000 0.4062 0.0000 0.4062 1.0000 0.4375 1.0000 0.4062 0.0000 0.3750 0.0000 0.3750 1.0000 0.4062 1.0000 0.3750 0.0000 0.3438 0.0000 0.3438 1.0000 0.3750 1.0000 0.3438 0.0000 0.3125 0.0000 0.3125 1.0000 0.3438 1.0000 0.3125 0.0000 0.2812 0.0000 0.2812 1.0000 0.3125 1.0000 0.2812 0.0000 0.2500 0.0000 0.2500 1.0000 0.2812 1.0000 0.2500 0.0000 0.2188 0.0000 0.2188 1.0000 0.2500 1.0000 0.2188 0.0000 0.1875 0.0000 0.1875 1.0000 0.2188 1.0000 0.1875 0.0000 0.1562 0.0000 0.1562 1.0000 0.1875 1.0000 0.1562 0.0000 0.1250 0.0000 0.1250 1.0000 0.1562 1.0000 0.1250 0.0000 0.0938 0.0000 0.0938 1.0000 0.1250 1.0000 0.0938 0.0000 0.0625 0.0000 0.0625 1.0000 0.0938 1.0000 0.0625 0.0000 0.0312 0.0000 0.0312 1.0000 0.0625 1.0000 0.0312 0.0000 0.0000 0.0000 0.0000 1.0000 0.0312 1.0000 " />
						</IndexedFaceSet>
					</Shape>
				</Group>
			</Transform>
		</Transform>
		<Transform DEF="IPEX_Inner_TRANSFORM"
		           translation="-1.771750 0.590692 2.952706"
		           scale="39.370113 39.370079 39.370079"
		           rotation="-1.000000 0.000000 0.000000 1.570796"
		           >
			<Transform DEF="IPEX_Inner_ifs_TRANSFORM"
			           translation="0.000000 0.000000 0.000000"
			           scale="1.000000 1.000000 1.000000"
			           rotation="0.000000 1.000000 0.000000 0.000000"
			           >
				<Group DEF="group_ME_IPEX_Inner">
					<Shape>
						<Appearance>
							<Material DEF="MA_Pins_001"
							          diffuseColor="0.800 0.650 0.134"
							          specularColor="0.401 0.401 0.401"
							          emissiveColor="0.000 0.000 0.000"
							          ambientIntensity="0.000"
							          shininess="0.500"
							          transparency="0.000"
							          />
						</Appearance>
						<IndexedFaceSet solid="false"
						                normalPerVertex="true"
						                texCoordIndex="0 1 2 3 -1 4 5 6 7 -1 8 9 10 11 -1 12 13 14 15 -1 16 17 18 19 -1 20 21 22 23 -1 24 25 26 27 -1 28 29 30 31 -1 32 33 34 35 -1 36 37 38 39 -1 40 41 42 43 -1 44 45 46 47 -1 48 49 50 51 -1 52 53 54 55 -1 56 57 58 59 60 61 62 63 64 65 66 67 68 69 70 71 -1 72 73 74 75 -1 76 77 78 79 -1 "
						                coordIndex="0 1 3 2 -1 2 3 5 4 -1 4 5 7 6 -1 6 7 9 8 -1 8 9 11 10 -1 10 11 13 12 -1 12 13 15 14 -1 14 15 17 16 -1 16 17 19 18 -1 18 19 21 20 -1 20 21 23 22 -1 22 23 25 24 -1 24 25 27 26 -1 26 27 29 28 -1 3 1 31 29 27 25 23 21 19 17 15 13 11 9 7 5 -1 28 29 31 30 -1 30 31 1 0 -1 "
						                >
							<Coordinate DEF="coords_ME_IPEX_Inner"
							            point="0.000000 0.001500 -0.003500 0.000000 0.001500 0.003500 0.000574 0.001386 -0.003500 0.000574 0.001386 0.003500 0.001061 0.001061 -0.003500 0.001061 0.001061 0.003500 0.001386 0.000574 -0.003500 0.001386 0.000574 0.003500 0.001500 0.000000 -0.003500 0.001500 0.000000 0.003500 0.001386 -0.000574 -0.003500 0.001386 -0.000574 0.003500 0.001061 -0.001061 -0.003500 0.001061 -0.001061 0.003500 0.000574 -0.001386 -0.003500 0.000574 -0.001386 0.003500 0.000000 -0.001500 -0.003500 0.000000 -0.001500 0.003500 -0.000574 -0.001386 -0.003500 -0.000574 -0.001386 0.003500 -0.001061 -0.001061 -0.003500 -0.001061 -0.001061 0.003500 -0.001386 -0.000574 -0.003500 -0.001386 -0.000574 0.003500 -0.001500 0.000000 -0.003500 -0.001500 0.000000 0.003500 -0.001386 0.000574 -0.003500 -0.001386 0.000574 0.003500 -0.001061 0.001061 -0.003500 -0.001061 0.001061 0.003500 -0.000574 0.001386 -0.003500 -0.000574 0.001386 0.003500 "
							            />
							<Normal DEF="normals_ME_IPEX_Inner"
							        vector="0.000000 1.000000 0.000000 -0.000000 0.746199 0.665723 0.382683 0.923879 0.000000 0.285558 0.689398 0.665723 0.707107 0.707107 0.000000 0.527642 0.527642 0.665723 0.923879 0.382683 0.000000 0.689398 0.285558 0.665723 1.000000 0.000000 0.000000 0.746199 0.000000 0.665723 0.923879 -0.382683 0.000000 0.689398 -0.285558 0.665723 0.707107 -0.707107 0.000000 0.527642 -0.527642 0.665723 0.382683 -0.923879 0.000000 0.285558 -0.689398 0.665723 0.000000 -1.000000 0.000000 -0.000000 -0.746199 0.665723 -0.382683 -0.923879 0.000000 -0.285558 -0.689398 0.665723 -0.707107 -0.707107 0.000000 -0.527642 -0.527642 0.665723 -0.923879 -0.382683 0.000000 -0.689398 -0.285558 0.665723 -1.000000 0.000000 0.000000 -0.746199 0.000000 0.665723 -0.923879 0.382683 0.000000 -0.689398 0.285558 0.665723 -0.707107 0.707107 0.000000 -0.527642 0.527642 0.665723 -0.382683 0.923879 0.000000 -0.285558 0.689398 0.665723 "
							        />
							<TextureCoordinate point="1.0000 0.5000 1.0000 1.0000 0.9375 1.0000 0.9375 0.5000 0.9375 0.5000 0.9375 1.0000 0.8750 1.0000 0.8750 0.5000 0.8750 0.5000 0.8750 1.0000 0.8125 1.0000 0.8125 0.5000 0.8125 0.5000 0.8125 1.0000 0.7500 1.0000 0.7500 0.5000 0.7500 0.5000 0.7500 1.0000 0.6875 1.0000 0.6875 0.5000 0.6875 0.5000 0.6875 1.0000 0.6250 1.0000 0.6250 0.5000 0.6250 0.5000 0.6250 1.0000 0.5625 1.0000 0.5625 0.5000 0.5625 0.5000 0.5625 1.0000 0.5000 1.0000 0.5000 0.5000 0.5000 0.5000 0.5000 1.0000 0.4375 1.0000 0.4375 0.5000 0.4375 0.5000 0.4375 1.0000 0.3750 1.0000 0.3750 0.5000 0.3750 0.5000 0.3750 1.0000 0.3125 1.0000 0.3125 0.5000 0.3125 0.5000 0.3125 1.0000 0.2500 1.0000 0.2500 0.5000 0.2500 0.5000 0.2500 1.0000 0.1875 1.0000 0.1875 0.5000 0.1875 0.5000 0.1875 1.0000 0.1250 1.0000 0.1250 0.5000 0.3418 0.4717 0.2500 0.4900 0.1582 0.4717 0.0803 0.4197 0.0283 0.3418 0.0100 0.2500 0.0283 0.1582 0.0803 0.0803 0.1582 0.0283 0.2500 0.0100 0.3418 0.0283 0.4197 0.0803 0.4717 0.1582 0.4900 0.2500 0.4717 0.3418 0.4197 0.4197 0.1250 0.5000 0.1250 1.0000 0.0625 1.0000 0.0625 0.5000 0.0625 0.5000 0.0625 1.0000 0.0000 1.0000 0.0000 0.5000 " />
						</IndexedFaceSet>
					</Shape>
				</Group>
			</Transform>
		</Transform>
		<Transform DEF="Pin_Base_001_TRANSFORM"
		           translation="2.657372 0.196982 3.543252"
		           scale="39.409451 39.409451 39.409451"
		           rotation="-0.000000 0.707107 0.707107 3.141593"
		           >
			<Transform DEF="Pin_Base_001_ifs_TRANSFORM"
			           translation="0.000000 -0.000000 -0.000000"
			           scale="1.000000 1.000000 1.000000"
			           rotation="0.000000 0.000000 0.000000 0.000000"
			           >
				<Group DEF="group_ME_Pin_Base">
					<Shape>
						<Appearance>
							<Material USE="MA_Pins_001" />
						</Appearance>
						<IndexedFaceSet solid="false"
						                normalPerVertex="true"
						                texCoordIndex="0 1 2 3 -1 4 5 6 7 -1 8 9 10 11 -1 12 13 14 15 -1 16 17 18 19 -1 20 21 22 23 24 25 26 27 28 29 30 31 32 -1 33 34 35 36 37 38 39 40 41 42 43 44 45 -1 46 47 48 49 -1 50 51 52 53 -1 54 55 56 57 -1 58 59 60 61 -1 62 63 64 65 -1 66 67 68 69 -1 70 71 72 73 -1 74 75 76 77 -1 78 79 80 81 -1 82 83 84 85 86 -1 87 88 89 90 -1 91 92 93 94 -1 95 96 97 98 -1 99 100 101 102 -1 103 104 105 106 -1 107 108 109 110 -1 111 112 113 114 115 -1 116 117 118 119 -1 120 121 122 123 -1 124 125 126 127 -1 128 129 130 131 -1 132 133 134 135 -1 136 137 138 139 140 141 142 143 144 145 146 147 148 -1 149 150 151 152 153 154 155 156 157 158 159 160 161 -1 162 163 164 165 -1 166 167 168 169 -1 170 171 172 173 -1 174 175 176 177 -1 178 179 180 181 -1 182 183 184 185 -1 186 187 188 189 -1 190 191 192 193 -1 194 195 196 197 -1 198 199 200 201 202 -1 203 204 205 206 -1 207 208 209 210 -1 211 212 213 214 -1 215 216 217 218 -1 219 220 221 222 -1 223 224 225 226 -1 227 228 229 230 231 -1 232 233 234 235 -1 236 237 238 239 -1 240 241 242 243 -1 244 245 246 247 -1 248 249 250 251 -1 252 253 254 255 256 257 258 259 260 261 262 263 264 -1 265 266 267 268 269 270 271 272 273 274 275 276 277 -1 278 279 280 281 -1 282 283 284 285 -1 286 287 288 289 -1 290 291 292 293 -1 294 295 296 297 -1 298 299 300 301 -1 302 303 304 305 -1 306 307 308 309 -1 310 311 312 313 -1 314 315 316 317 318 -1 319 320 321 322 -1 323 324 325 326 -1 327 328 329 330 -1 331 332 333 334 -1 335 336 337 338 -1 339 340 341 342 -1 343 344 345 346 347 -1 "
						                coordIndex="3 9 19 16 -1 8 1 17 18 -1 9 3 7 10 -1 10 7 5 11 -1 11 5 1 8 -1 2 6 4 0 24 23 26 28 27 21 20 22 25 -1 17 1 5 7 3 16 30 31 33 32 35 34 29 -1 4 11 8 0 -1 4 6 13 14 -1 2 9 10 6 -1 9 2 25 19 -1 0 8 18 24 -1 13 12 15 14 -1 6 10 12 13 -1 10 11 15 12 -1 11 4 14 15 -1 18 17 29 23 24 -1 26 23 29 34 -1 28 26 34 35 -1 27 28 35 32 -1 21 27 32 33 -1 20 21 33 31 -1 30 22 20 31 -1 16 19 25 22 30 -1 39 45 55 52 -1 44 37 53 54 -1 45 39 43 46 -1 46 43 41 47 -1 47 41 37 44 -1 38 42 40 36 60 59 62 64 63 57 56 58 61 -1 53 37 41 43 39 52 66 67 69 68 71 70 65 -1 40 47 44 36 -1 40 42 49 50 -1 38 45 46 42 -1 45 38 61 55 -1 36 44 54 60 -1 49 48 51 50 -1 42 46 48 49 -1 46 47 51 48 -1 47 40 50 51 -1 54 53 65 59 60 -1 62 59 65 70 -1 64 62 70 71 -1 63 64 71 68 -1 57 63 68 69 -1 56 57 69 67 -1 66 58 56 67 -1 52 55 61 58 66 -1 75 81 91 88 -1 80 73 89 90 -1 81 75 79 82 -1 82 79 77 83 -1 83 77 73 80 -1 74 78 76 72 96 95 98 100 99 93 92 94 97 -1 89 73 77 79 75 88 102 103 105 104 107 106 101 -1 76 83 80 72 -1 76 78 85 86 -1 74 81 82 78 -1 81 74 97 91 -1 72 80 90 96 -1 85 84 87 86 -1 78 82 84 85 -1 82 83 87 84 -1 83 76 86 87 -1 90 89 101 95 96 -1 98 95 101 106 -1 100 98 106 107 -1 99 100 107 104 -1 93 99 104 105 -1 92 93 105 103 -1 102 94 92 103 -1 88 91 97 94 102 -1 "
						                >
							<Coordinate DEF="coords_ME_Pin_Base"
							            point="-0.002500 -0.004000 -0.005000 -0.002500 -0.004000 0.005000 -0.002500 0.004000 -0.005000 -0.002500 0.004000 0.005000 0.002500 -0.004000 -0.005000 0.002500 -0.004000 0.005000 0.002500 0.004000 -0.005000 0.002500 0.004000 0.005000 -0.002500 -0.004000 -0.002000 -0.002500 0.004000 -0.002000 0.002500 0.004000 -0.002000 0.002500 -0.004000 -0.002000 0.005500 0.004000 -0.002000 0.005500 0.004000 -0.005000 0.005500 -0.004000 -0.005000 0.005500 -0.004000 -0.002000 -0.002500 0.002500 0.005000 -0.002500 -0.002500 0.005000 -0.002500 -0.002500 -0.002000 -0.002500 0.002500 -0.002000 -0.000732 0.001768 -0.005000 -0.000190 0.000957 -0.005000 -0.001543 0.002310 -0.005000 -0.001543 -0.002310 -0.005000 -0.002500 -0.002500 -0.005000 -0.002500 0.002500 -0.005000 -0.000732 -0.001768 -0.005000 0.000000 -0.000000 -0.005000 -0.000190 -0.000957 -0.005000 -0.001543 -0.002310 0.005000 -0.001543 0.002310 0.005000 -0.000732 0.001768 0.005000 0.000000 0.000000 0.005000 -0.000190 0.000957 0.005000 -0.000732 -0.001768 0.005000 -0.000190 -0.000957 0.005000 -0.002500 -0.016700 -0.005000 -0.002500 -0.016700 0.005000 -0.002500 -0.008700 -0.005000 -0.002500 -0.008700 0.005000 0.002500 -0.016700 -0.005000 0.002500 -0.016700 0.005000 0.002500 -0.008700 -0.005000 0.002500 -0.008700 0.005000 -0.002500 -0.016700 -0.002000 -0.002500 -0.008700 -0.002000 0.002500 -0.008700 -0.002000 0.002500 -0.016700 -0.002000 0.005500 -0.008700 -0.002000 0.005500 -0.008700 -0.005000 0.005500 -0.016700 -0.005000 0.005500 -0.016700 -0.002000 -0.002500 -0.010200 0.005000 -0.002500 -0.015200 0.005000 -0.002500 -0.015200 -0.002000 -0.002500 -0.010200 -0.002000 -0.000732 -0.010932 -0.005000 -0.000190 -0.011743 -0.005000 -0.001543 -0.010390 -0.005000 -0.001543 -0.015010 -0.005000 -0.002500 -0.015200 -0.005000 -0.002500 -0.010200 -0.005000 -0.000732 -0.014468 -0.005000 0.000000 -0.012700 -0.005000 -0.000190 -0.013657 -0.005000 -0.001543 -0.015010 0.005000 -0.001543 -0.010390 0.005000 -0.000732 -0.010932 0.005000 0.000000 -0.012700 0.005000 -0.000190 -0.011743 0.005000 -0.000732 -0.014468 0.005000 -0.000190 -0.013657 0.005000 -0.002500 -0.029400 -0.005000 -0.002500 -0.029400 0.005000 -0.002500 -0.021400 -0.005000 -0.002500 -0.021400 0.005000 0.002500 -0.029400 -0.005000 0.002500 -0.029400 0.005000 0.002500 -0.021400 -0.005000 0.002500 -0.021400 0.005000 -0.002500 -0.029400 -0.002000 -0.002500 -0.021400 -0.002000 0.002500 -0.021400 -0.002000 0.002500 -0.029400 -0.002000 0.005500 -0.021400 -0.002000 0.005500 -0.021400 -0.005000 0.005500 -0.029400 -0.005000 0.005500 -0.029400 -0.002000 -0.002500 -0.022900 0.005000 -0.002500 -0.027900 0.005000 -0.002500 -0.027900 -0.002000 -0.002500 -0.022900 -0.002000 -0.000732 -0.023632 -0.005000 -0.000190 -0.024443 -0.005000 -0.001543 -0.023090 -0.005000 -0.001543 -0.027710 -0.005000 -0.002500 -0.027900 -0.005000 -0.002500 -0.022900 -0.005000 -0.000732 -0.027168 -0.005000 0.000000 -0.025400 -0.005000 -0.000190 -0.026357 -0.005000 -0.001543 -0.027710 0.005000 -0.001543 -0.023090 0.005000 -0.000732 -0.023632 0.005000 0.000000 -0.025400 0.005000 -0.000190 -0.024443 0.005000 -0.000732 -0.027168 0.005000 -0.000190 -0.026357 0.005000 "
							            />
							<Normal DEF="normals_ME_Pin_Base"
							        vector="-0.577351 -0.577349 -0.577350 -0.577351 -0.577349 0.577350 -0.577351 0.577349 -0.577350 -0.577351 0.577350 0.577350 -0.000000 -0.707107 -0.707107 0.577350 -0.577350 0.577350 -0.000000 0.707107 -0.707107 0.577350 0.577350 0.577350 -0.707108 -0.707106 -0.000000 -0.707108 0.707106 -0.000000 0.301511 0.904534 0.301511 0.301511 -0.904534 0.301511 0.577350 0.577350 0.577350 0.577350 0.577350 -0.577350 0.577350 -0.577350 -0.577350 0.577350 -0.577350 0.577350 -0.625042 -0.512960 0.588382 -0.625042 0.512960 0.588383 -0.773009 0.634395 -0.000000 -0.773010 -0.634394 -0.000000 -0.527642 -0.527642 -0.665723 -0.689398 -0.285558 -0.665723 -0.285558 -0.689398 -0.665723 -0.285558 0.689398 -0.665723 -0.625042 0.512960 -0.588383 -0.625042 -0.512960 -0.588383 -0.527642 0.527642 -0.665723 -0.746199 0.000000 -0.665723 -0.689398 0.285558 -0.665723 -0.285558 0.689398 0.665723 -0.285558 -0.689398 0.665723 -0.527642 -0.527642 0.665723 -0.746199 -0.000000 0.665723 -0.689398 -0.285558 0.665723 -0.527642 0.527642 0.665723 -0.689398 0.285558 0.665723 -0.577351 -0.577349 -0.577350 -0.577351 -0.577349 0.577350 -0.577351 0.577349 -0.577350 -0.577351 0.577350 0.577350 0.000000 -0.707107 -0.707107 0.577350 -0.577350 0.577350 0.000000 0.707107 -0.707107 0.577350 0.577350 0.577350 -0.707108 -0.707106 0.000000 -0.707108 0.707106 -0.000000 0.301511 0.904534 0.301511 0.301511 -0.904534 0.301511 0.577350 0.577350 0.577350 0.577350 0.577350 -0.577350 0.577350 -0.577350 -0.577350 0.577350 -0.577350 0.577350 -0.625042 -0.512960 0.588382 -0.625042 0.512960 0.588383 -0.773009 0.634395 0.000000 -0.773010 -0.634394 -0.000000 -0.527642 -0.527642 -0.665723 -0.689398 -0.285558 -0.665723 -0.285558 -0.689398 -0.665723 -0.285558 0.689398 -0.665723 -0.625042 0.512960 -0.588383 -0.625042 -0.512960 -0.588383 -0.527642 0.527642 -0.665723 -0.746199 0.000000 -0.665723 -0.689398 0.285558 -0.665723 -0.285558 0.689398 0.665723 -0.285558 -0.689398 0.665723 -0.527642 -0.527642 0.665723 -0.746199 0.000000 0.665723 -0.689398 -0.285558 0.665723 -0.527642 0.527642 0.665723 -0.689398 0.285558 0.665723 -0.577351 -0.577349 -0.577350 -0.577351 -0.577349 0.577350 -0.577351 0.577349 -0.577350 -0.577351 0.577350 0.577350 0.000000 -0.707107 -0.707107 0.577350 -0.577350 0.577350 0.000000 0.707107 -0.707107 0.577350 0.577350 0.577350 -0.707108 -0.707106 0.000000 -0.707108 0.707106 -0.000000 0.301511 0.904534 0.301511 0.301511 -0.904534 0.301511 0.577350 0.577350 0.577350 0.577350 0.577350 -0.577350 0.577350 -0.577350 -0.577350 0.577350 -0.577350 0.577350 -0.625042 -0.512960 0.588382 -0.625042 0.512960 0.588383 -0.773009 0.634395 0.000000 -0.773010 -0.634394 -0.000000 -0.527642 -0.527642 -0.665723 -0.689398 -0.285558 -0.665723 -0.285558 -0.689398 -0.665723 -0.285558 0.689398 -0.665723 -0.625042 0.512960 -0.588383 -0.625041 -0.512960 -0.588383 -0.527642 0.527642 -0.665723 -0.746199 0.000000 -0.665723 -0.689398 0.285558 -0.665723 -0.285558 0.689398 0.665723 -0.285558 -0.689398 0.665723 -0.527642 -0.527642 0.665723 -0.746199 0.000000 0.665723 -0.689398 -0.285558 0.665723 -0.527642 0.527642 0.665723 -0.689398 0.285558 0.665723 "
							        />
							<TextureCoordinate point="0.6250 0.2500 0.5000 0.2500 0.5000 0.2031 0.6250 0.2031 0.5000 0.0000 0.6250 0.0000 0.6250 0.0469 0.5000 0.0469 0.5000 0.2500 0.6250 0.2500 0.6250 0.5000 0.5000 0.5000 0.5000 0.5000 0.6250 0.5000 0.6250 0.7500 0.5000 0.7500 0.5000 0.7500 0.6250 0.7500 0.6250 1.0000 0.5000 1.0000 0.1250 0.5000 0.3750 0.5000 0.3750 0.7500 0.1250 0.7500 0.1250 0.7031 0.1728 0.6972 0.2134 0.6802 0.2405 0.6549 0.2500 0.6250 0.2405 0.5951 0.2134 0.5698 0.1728 0.5528 0.1250 0.5469 0.8750 0.7031 0.8750 0.7500 0.6250 0.7500 0.6250 0.5000 0.8750 0.5000 0.8750 0.5469 0.8272 0.5528 0.7866 0.5698 0.7595 0.5951 0.7500 0.6250 0.7595 0.6549 0.7866 0.6802 0.8272 0.6972 0.3750 0.7500 0.5000 0.7500 0.5000 1.0000 0.3750 1.0000 0.3750 0.7500 0.3750 0.5000 0.3750 0.5000 0.3750 0.7500 0.3750 0.2500 0.5000 0.2500 0.5000 0.5000 0.3750 0.5000 0.5000 0.2500 0.3750 0.2500 0.3750 0.2031 0.5000 0.2031 0.3750 0.0000 0.5000 0.0000 0.5000 0.0469 0.3750 0.0469 0.3750 0.5000 0.5000 0.5000 0.5000 0.7500 0.3750 0.7500 0.3750 0.5000 0.5000 0.5000 0.5000 0.5000 0.3750 0.5000 0.5000 0.5000 0.5000 0.7500 0.5000 0.7500 0.5000 0.5000 0.5000 0.7500 0.3750 0.7500 0.3750 0.7500 0.5000 0.7500 1.0000 0.8480 1.0000 0.5049 0.9375 0.5049 0.9375 0.9951 1.0000 0.9951 0.8750 0.9951 0.9375 0.9951 0.9375 0.5049 0.8750 0.5049 0.8125 0.9951 0.8750 0.9951 0.8750 0.5049 0.8125 0.5049 0.7500 0.9951 0.8125 0.9951 0.8125 0.5049 0.7500 0.5049 0.6875 0.9951 0.7500 0.9951 0.7500 0.5049 0.6875 0.5049 0.6250 0.9951 0.6875 0.9951 0.6875 0.5049 0.6250 0.5049 0.5625 0.5049 0.5625 0.9951 0.6250 0.9951 0.6250 0.5049 0.5000 0.5049 0.5000 0.8480 0.5000 0.9951 0.5625 0.9951 0.5625 0.5049 0.6250 0.2500 0.5000 0.2500 0.5000 0.2031 0.6250 0.2031 0.5000 0.0000 0.6250 0.0000 0.6250 0.0469 0.5000 0.0469 0.5000 0.2500 0.6250 0.2500 0.6250 0.5000 0.5000 0.5000 0.5000 0.5000 0.6250 0.5000 0.6250 0.7500 0.5000 0.7500 0.5000 0.7500 0.6250 0.7500 0.6250 1.0000 0.5000 1.0000 0.1250 0.5000 0.3750 0.5000 0.3750 0.7500 0.1250 0.7500 0.1250 0.7031 0.1728 0.6972 0.2134 0.6802 0.2405 0.6549 0.2500 0.6250 0.2405 0.5951 0.2134 0.5698 0.1728 0.5528 0.1250 0.5469 0.8750 0.7031 0.8750 0.7500 0.6250 0.7500 0.6250 0.5000 0.8750 0.5000 0.8750 0.5469 0.8272 0.5528 0.7866 0.5698 0.7595 0.5951 0.7500 0.6250 0.7595 0.6549 0.7866 0.6802 0.8272 0.6972 0.3750 0.7500 0.5000 0.7500 0.5000 1.0000 0.3750 1.0000 0.3750 0.7500 0.3750 0.5000 0.3750 0.5000 0.3750 0.7500 0.3750 0.2500 0.5000 0.2500 0.5000 0.5000 0.3750 0.5000 0.5000 0.2500 0.3750 0.2500 0.3750 0.2031 0.5000 0.2031 0.3750 0.0000 0.5000 0.0000 0.5000 0.0469 0.3750 0.0469 0.3750 0.5000 0.5000 0.5000 0.5000 0.7500 0.3750 0.7500 0.3750 0.5000 0.5000 0.5000 0.5000 0.5000 0.3750 0.5000 0.5000 0.5000 0.5000 0.7500 0.5000 0.7500 0.5000 0.5000 0.5000 0.7500 0.3750 0.7500 0.3750 0.7500 0.5000 0.7500 1.0000 0.8480 1.0000 0.5049 0.9375 0.5049 0.9375 0.9951 1.0000 0.9951 0.8750 0.9951 0.9375 0.9951 0.9375 0.5049 0.8750 0.5049 0.8125 0.9951 0.8750 0.9951 0.8750 0.5049 0.8125 0.5049 0.7500 0.9951 0.8125 0.9951 0.8125 0.5049 0.7500 0.5049 0.6875 0.9951 0.7500 0.9951 0.7500 0.5049 0.6875 0.5049 0.6250 0.9951 0.6875 0.9951 0.6875 0.5049 0.6250 0.5049 0.5625 0.5049 0.5625 0.9951 0.6250 0.9951 0.6250 0.5049 0.5000 0.5049 0.5000 0.8480 0.5000 0.9951 0.5625 0.9951 0.5625 0.5049 0.6250 0.2500 0.5000 0.2500 0.5000 0.2031 0.6250 0.2031 0.5000 0.0000 0.6250 0.0000 0.6250 0.0469 0.5000 0.0469 0.5000 0.2500 0.6250 0.2500 0.6250 0.5000 0.5000 0.5000 0.5000 0.5000 0.6250 0.5000 0.6250 0.7500 0.5000 0.7500 0.5000 0.7500 0.6250 0.7500 0.6250 1.0000 0.5000 1.0000 0.1250 0.5000 0.3750 0.5000 0.3750 0.7500 0.1250 0.7500 0.1250 0.7031 0.1728 0.6972 0.2134 0.6802 0.2405 0.6549 0.2500 0.6250 0.2405 0.5951 0.2134 0.5698 0.1728 0.5528 0.1250 0.5469 0.8750 0.7031 0.8750 0.7500 0.6250 0.7500 0.6250 0.5000 0.8750 0.5000 0.8750 0.5469 0.8272 0.5528 0.7866 0.5698 0.7595 0.5951 0.7500 0.6250 0.7595 0.6549 0.7866 0.6802 0.8272 0.6972 0.3750 0.7500 0.5000 0.7500 0.5000 1.0000 0.3750 1.0000 0.3750 0.7500 0.3750 0.5000 0.3750 0.5000 0.3750 0.7500 0.3750 0.2500 0.5000 0.2500 0.5000 0.5000 0.3750 0.5000 0.5000 0.2500 0.3750 0.2500 0.3750 0.2031 0.5000 0.2031 0.3750 0.0000 0.5000 0.0000 0.5000 0.0469 0.3750 0.0469 0.3750 0.5000 0.5000 0.5000 0.5000 0.7500 0.3750 0.7500 0.3750 0.5000 0.5000 0.5000 0.5000 0.5000 0.3750 0.5000 0.5000 0.5000 0.5000 0.7500 0.5000 0.7500 0.5000 0.5000 0.5000 0.7500 0.3750 0.7500 0.3750 0.7500 0.5000 0.7500 1.0000 0.8480 1.0000 0.5049 0.9375 0.5049 0.9375 0.9951 1.0000 0.9951 0.8750 0.9951 0.9375 0.9951 0.9375 0.5049 0.8750 0.5049 0.8125 0.9951 0.8750 0.9951 0.8750 0.5049 0.8125 0.5049 0.7500 0.9951 0.8125 0.9951 0.8125 0.5049 0.7500 0.5049 0.6875 0.9951 0.7500 0.9951 0.7500 0.5049 0.6875 0.5049 0.6250 0.9951 0.6875 0.9951 0.6875 0.5049 0.6250 0.5049 0.5625 0.5049 0.5625 0.9951 0.6250 0.9951 0.6250 0.5049 0.5000 0.5049 0.5000 0.8480 0.5000 0.9951 0.5625 0.9951 0.5625 0.5049 " />
						</IndexedFaceSet>
					</Shape>
				</Group>
			</Transform>
		</Transform>
		<Transform DEF="Pin_Base_002_TRANSFORM"
		           translation="2.657372 0.196982 0.350339"
		           scale="39.370079 39.370079 39.370079"
		           rotation="-0.000000 0.707107 0.707107 3.141593"
		           >
			<Transform DEF="Pin_Base_002_ifs_TRANSFORM"
			           translation="-0.000000 0.000000 0.000000"
			           scale="1.000000 1.000000 1.000000"
			           rotation="0.000000 1.000000 0.000000 0.000000"
			           >
				<Group DEF="group_ME_Pin_Base_000">
					<Shape>
						<Appearance>
							<Material USE="MA_Pins_001" />
						</Appearance>
						<IndexedFaceSet solid="false"
						                normalPerVertex="true"
						                texCoordIndex="0 1 2 3 -1 4 5 6 7 -1 8 9 10 11 -1 12 13 14 15 -1 16 17 18 19 -1 20 21 22 23 24 25 26 27 28 29 30 31 32 -1 33 34 35 36 37 38 39 40 41 42 43 44 45 -1 46 47 48 49 -1 50 51 52 53 -1 54 55 56 57 -1 58 59 60 61 -1 62 63 64 65 -1 66 67 68 69 -1 70 71 72 73 -1 74 75 76 77 -1 78 79 80 81 -1 82 83 84 85 86 -1 87 88 89 90 -1 91 92 93 94 -1 95 96 97 98 -1 99 100 101 102 -1 103 104 105 106 -1 107 108 109 110 -1 111 112 113 114 115 -1 116 117 118 119 -1 120 121 122 123 -1 124 125 126 127 -1 128 129 130 131 -1 132 133 134 135 -1 136 137 138 139 140 141 142 143 144 145 146 147 148 -1 149 150 151 152 153 154 155 156 157 158 159 160 161 -1 162 163 164 165 -1 166 167 168 169 -1 170 171 172 173 -1 174 175 176 177 -1 178 179 180 181 -1 182 183 184 185 -1 186 187 188 189 -1 190 191 192 193 -1 194 195 196 197 -1 198 199 200 201 202 -1 203 204 205 206 -1 207 208 209 210 -1 211 212 213 214 -1 215 216 217 218 -1 219 220 221 222 -1 223 224 225 226 -1 227 228 229 230 231 -1 232 233 234 235 -1 236 237 238 239 -1 240 241 242 243 -1 244 245 246 247 -1 248 249 250 251 -1 252 253 254 255 256 257 258 259 260 261 262 263 264 -1 265 266 267 268 269 270 271 272 273 274 275 276 277 -1 278 279 280 281 -1 282 283 284 285 -1 286 287 288 289 -1 290 291 292 293 -1 294 295 296 297 -1 298 299 300 301 -1 302 303 304 305 -1 306 307 308 309 -1 310 311 312 313 -1 314 315 316 317 318 -1 319 320 321 322 -1 323 324 325 326 -1 327 328 329 330 -1 331 332 333 334 -1 335 336 337 338 -1 339 340 341 342 -1 343 344 345 346 347 -1 348 349 350 351 -1 352 353 354 355 -1 356 357 358 359 -1 360 361 362 363 -1 364 365 366 367 -1 368 369 370 371 372 373 374 375 376 377 378 379 380 -1 381 382 383 384 385 386 387 388 389 390 391 392 393 -1 394 395 396 397 -1 398 399 400 401 -1 402 403 404 405 -1 406 407 408 409 -1 410 411 412 413 -1 414 415 416 417 -1 418 419 420 421 -1 422 423 424 425 -1 426 427 428 429 -1 430 431 432 433 434 -1 435 436 437 438 -1 439 440 441 442 -1 443 444 445 446 -1 447 448 449 450 -1 451 452 453 454 -1 455 456 457 458 -1 459 460 461 462 463 -1 464 465 466 467 -1 468 469 470 471 -1 472 473 474 475 -1 476 477 478 479 -1 480 481 482 483 -1 484 485 486 487 488 489 490 491 492 493 494 495 496 -1 497 498 499 500 501 502 503 504 505 506 507 508 509 -1 510 511 512 513 -1 514 515 516 517 -1 518 519 520 521 -1 522 523 524 525 -1 526 527 528 529 -1 530 531 532 533 -1 534 535 536 537 -1 538 539 540 541 -1 542 543 544 545 -1 546 547 548 549 550 -1 551 552 553 554 -1 555 556 557 558 -1 559 560 561 562 -1 563 564 565 566 -1 567 568 569 570 -1 571 572 573 574 -1 575 576 577 578 579 -1 580 581 582 583 -1 584 585 586 587 -1 588 589 590 591 -1 592 593 594 595 -1 596 597 598 599 -1 600 601 602 603 604 605 606 607 608 609 610 611 612 -1 613 614 615 616 617 618 619 620 621 622 623 624 625 -1 626 627 628 629 -1 630 631 632 633 -1 634 635 636 637 -1 638 639 640 641 -1 642 643 644 645 -1 646 647 648 649 -1 650 651 652 653 -1 654 655 656 657 -1 658 659 660 661 -1 662 663 664 665 666 -1 667 668 669 670 -1 671 672 673 674 -1 675 676 677 678 -1 679 680 681 682 -1 683 684 685 686 -1 687 688 689 690 -1 691 692 693 694 695 -1 696 697 698 699 -1 700 701 702 703 -1 704 705 706 707 -1 708 709 710 711 -1 712 713 714 715 -1 716 717 718 719 720 721 722 723 724 725 726 727 728 -1 729 730 731 732 733 734 735 736 737 738 739 740 741 -1 742 743 744 745 -1 746 747 748 749 -1 750 751 752 753 -1 754 755 756 757 -1 758 759 760 761 -1 762 763 764 765 -1 766 767 768 769 -1 770 771 772 773 -1 774 775 776 777 -1 778 779 780 781 782 -1 783 784 785 786 -1 787 788 789 790 -1 791 792 793 794 -1 795 796 797 798 -1 799 800 801 802 -1 803 804 805 806 -1 807 808 809 810 811 -1 812 813 814 815 -1 816 817 818 819 -1 820 821 822 823 -1 824 825 826 827 -1 828 829 830 831 -1 832 833 834 835 836 837 838 839 840 841 842 843 844 -1 845 846 847 848 849 850 851 852 853 854 855 856 857 -1 858 859 860 861 -1 862 863 864 865 -1 866 867 868 869 -1 870 871 872 873 -1 874 875 876 877 -1 878 879 880 881 -1 882 883 884 885 -1 886 887 888 889 -1 890 891 892 893 -1 894 895 896 897 898 -1 899 900 901 902 -1 903 904 905 906 -1 907 908 909 910 -1 911 912 913 914 -1 915 916 917 918 -1 919 920 921 922 -1 923 924 925 926 927 -1 "
						                coordIndex="3 9 19 16 -1 8 1 17 18 -1 9 3 7 10 -1 10 7 5 11 -1 11 5 1 8 -1 2 6 4 0 24 23 26 28 27 21 20 22 25 -1 17 1 5 7 3 16 30 31 33 32 35 34 29 -1 4 11 8 0 -1 4 6 13 14 -1 2 9 10 6 -1 9 2 25 19 -1 0 8 18 24 -1 13 12 15 14 -1 6 10 12 13 -1 10 11 15 12 -1 11 4 14 15 -1 18 17 29 23 24 -1 26 23 29 34 -1 28 26 34 35 -1 27 28 35 32 -1 21 27 32 33 -1 20 21 33 31 -1 30 22 20 31 -1 16 19 25 22 30 -1 39 45 55 52 -1 44 37 53 54 -1 45 39 43 46 -1 46 43 41 47 -1 47 41 37 44 -1 38 42 40 36 60 59 62 64 63 57 56 58 61 -1 53 37 41 43 39 52 66 67 69 68 71 70 65 -1 40 47 44 36 -1 40 42 49 50 -1 38 45 46 42 -1 45 38 61 55 -1 36 44 54 60 -1 49 48 51 50 -1 42 46 48 49 -1 46 47 51 48 -1 47 40 50 51 -1 54 53 65 59 60 -1 62 59 65 70 -1 64 62 70 71 -1 63 64 71 68 -1 57 63 68 69 -1 56 57 69 67 -1 66 58 56 67 -1 52 55 61 58 66 -1 75 81 91 88 -1 80 73 89 90 -1 81 75 79 82 -1 82 79 77 83 -1 83 77 73 80 -1 74 78 76 72 96 95 98 100 99 93 92 94 97 -1 89 73 77 79 75 88 102 103 105 104 107 106 101 -1 76 83 80 72 -1 76 78 85 86 -1 74 81 82 78 -1 81 74 97 91 -1 72 80 90 96 -1 85 84 87 86 -1 78 82 84 85 -1 82 83 87 84 -1 83 76 86 87 -1 90 89 101 95 96 -1 98 95 101 106 -1 100 98 106 107 -1 99 100 107 104 -1 93 99 104 105 -1 92 93 105 103 -1 102 94 92 103 -1 88 91 97 94 102 -1 111 117 127 124 -1 116 109 125 126 -1 117 111 115 118 -1 118 115 113 119 -1 119 113 109 116 -1 110 114 112 108 132 131 134 136 135 129 128 130 133 -1 125 109 113 115 111 124 138 139 141 140 143 142 137 -1 112 119 116 108 -1 112 114 121 122 -1 110 117 118 114 -1 117 110 133 127 -1 108 116 126 132 -1 121 120 123 122 -1 114 118 120 121 -1 118 119 123 120 -1 119 112 122 123 -1 126 125 137 131 132 -1 134 131 137 142 -1 136 134 142 143 -1 135 136 143 140 -1 129 135 140 141 -1 128 129 141 139 -1 138 130 128 139 -1 124 127 133 130 138 -1 147 153 163 160 -1 152 145 161 162 -1 153 147 151 154 -1 154 151 149 155 -1 155 149 145 152 -1 146 150 148 144 168 167 170 172 171 165 164 166 169 -1 161 145 149 151 147 160 174 175 177 176 179 178 173 -1 148 155 152 144 -1 148 150 157 158 -1 146 153 154 150 -1 153 146 169 163 -1 144 152 162 168 -1 157 156 159 158 -1 150 154 156 157 -1 154 155 159 156 -1 155 148 158 159 -1 162 161 173 167 168 -1 170 167 173 178 -1 172 170 178 179 -1 171 172 179 176 -1 165 171 176 177 -1 164 165 177 175 -1 174 166 164 175 -1 160 163 169 166 174 -1 183 189 199 196 -1 188 181 197 198 -1 189 183 187 190 -1 190 187 185 191 -1 191 185 181 188 -1 182 186 184 180 204 203 206 208 207 201 200 202 205 -1 197 181 185 187 183 196 210 211 213 212 215 214 209 -1 184 191 188 180 -1 184 186 193 194 -1 182 189 190 186 -1 189 182 205 199 -1 180 188 198 204 -1 193 192 195 194 -1 186 190 192 193 -1 190 191 195 192 -1 191 184 194 195 -1 198 197 209 203 204 -1 206 203 209 214 -1 208 206 214 215 -1 207 208 215 212 -1 201 207 212 213 -1 200 201 213 211 -1 210 202 200 211 -1 196 199 205 202 210 -1 219 225 235 232 -1 224 217 233 234 -1 225 219 223 226 -1 226 223 221 227 -1 227 221 217 224 -1 218 222 220 216 240 239 242 244 243 237 236 238 241 -1 233 217 221 223 219 232 246 247 249 248 251 250 245 -1 220 227 224 216 -1 220 222 229 230 -1 218 225 226 222 -1 225 218 241 235 -1 216 224 234 240 -1 229 228 231 230 -1 222 226 228 229 -1 226 227 231 228 -1 227 220 230 231 -1 234 233 245 239 240 -1 242 239 245 250 -1 244 242 250 251 -1 243 244 251 248 -1 237 243 248 249 -1 236 237 249 247 -1 246 238 236 247 -1 232 235 241 238 246 -1 255 261 271 268 -1 260 253 269 270 -1 261 255 259 262 -1 262 259 257 263 -1 263 257 253 260 -1 254 258 256 252 276 275 278 280 279 273 272 274 277 -1 269 253 257 259 255 268 282 283 285 284 287 286 281 -1 256 263 260 252 -1 256 258 265 266 -1 254 261 262 258 -1 261 254 277 271 -1 252 260 270 276 -1 265 264 267 266 -1 258 262 264 265 -1 262 263 267 264 -1 263 256 266 267 -1 270 269 281 275 276 -1 278 275 281 286 -1 280 278 286 287 -1 279 280 287 284 -1 273 279 284 285 -1 272 273 285 283 -1 282 274 272 283 -1 268 271 277 274 282 -1 "
						                >
							<Coordinate DEF="coords_ME_Pin_Base_000"
							            point="-0.002500 -0.004000 -0.005000 -0.002500 -0.004000 0.005000 -0.002500 0.004000 -0.005000 -0.002500 0.004000 0.005000 0.002500 -0.004000 -0.005000 0.002500 -0.004000 0.005000 0.002500 0.004000 -0.005000 0.002500 0.004000 0.005000 -0.002500 -0.004000 -0.002000 -0.002500 0.004000 -0.002000 0.002500 0.004000 -0.002000 0.002500 -0.004000 -0.002000 0.005500 0.004000 -0.002000 0.005500 0.004000 -0.005000 0.005500 -0.004000 -0.005000 0.005500 -0.004000 -0.002000 -0.002500 0.002500 0.005000 -0.002500 -0.002500 0.005000 -0.002500 -0.002500 -0.002000 -0.002500 0.002500 -0.002000 -0.000732 0.001768 -0.005000 -0.000190 0.000957 -0.005000 -0.001543 0.002310 -0.005000 -0.001543 -0.002310 -0.005000 -0.002500 -0.002500 -0.005000 -0.002500 0.002500 -0.005000 -0.000732 -0.001768 -0.005000 0.000000 -0.000000 -0.005000 -0.000190 -0.000957 -0.005000 -0.001543 -0.002310 0.005000 -0.001543 0.002310 0.005000 -0.000732 0.001768 0.005000 0.000000 0.000000 0.005000 -0.000190 0.000957 0.005000 -0.000732 -0.001768 0.005000 -0.000190 -0.000957 0.005000 -0.002500 -0.016700 -0.005000 -0.002500 -0.016700 0.005000 -0.002500 -0.008700 -0.005000 -0.002500 -0.008700 0.005000 0.002500 -0.016700 -0.005000 0.002500 -0.016700 0.005000 0.002500 -0.008700 -0.005000 0.002500 -0.008700 0.005000 -0.002500 -0.016700 -0.002000 -0.002500 -0.008700 -0.002000 0.002500 -0.008700 -0.002000 0.002500 -0.016700 -0.002000 0.005500 -0.008700 -0.002000 0.005500 -0.008700 -0.005000 0.005500 -0.016700 -0.005000 0.005500 -0.016700 -0.002000 -0.002500 -0.010200 0.005000 -0.002500 -0.015200 0.005000 -0.002500 -0.015200 -0.002000 -0.002500 -0.010200 -0.002000 -0.000732 -0.010932 -0.005000 -0.000190 -0.011743 -0.005000 -0.001543 -0.010390 -0.005000 -0.001543 -0.015010 -0.005000 -0.002500 -0.015200 -0.005000 -0.002500 -0.010200 -0.005000 -0.000732 -0.014468 -0.005000 0.000000 -0.012700 -0.005000 -0.000190 -0.013657 -0.005000 -0.001543 -0.015010 0.005000 -0.001543 -0.010390 0.005000 -0.000732 -0.010932 0.005000 0.000000 -0.012700 0.005000 -0.000190 -0.011743 0.005000 -0.000732 -0.014468 0.005000 -0.000190 -0.013657 0.005000 -0.002500 -0.029400 -0.005000 -0.002500 -0.029400 0.005000 -0.002500 -0.021400 -0.005000 -0.002500 -0.021400 0.005000 0.002500 -0.029400 -0.005000 0.002500 -0.029400 0.005000 0.002500 -0.021400 -0.005000 0.002500 -0.021400 0.005000 -0.002500 -0.029400 -0.002000 -0.002500 -0.021400 -0.002000 0.002500 -0.021400 -0.002000 0.002500 -0.029400 -0.002000 0.005500 -0.021400 -0.002000 0.005500 -0.021400 -0.005000 0.005500 -0.029400 -0.005000 0.005500 -0.029400 -0.002000 -0.002500 -0.022900 0.005000 -0.002500 -0.027900 0.005000 -0.002500 -0.027900 -0.002000 -0.002500 -0.022900 -0.002000 -0.000732 -0.023632 -0.005000 -0.000190 -0.024443 -0.005000 -0.001543 -0.023090 -0.005000 -0.001543 -0.027710 -0.005000 -0.002500 -0.027900 -0.005000 -0.002500 -0.022900 -0.005000 -0.000732 -0.027168 -0.005000 0.000000 -0.025400 -0.005000 -0.000190 -0.026357 -0.005000 -0.001543 -0.027710 0.005000 -0.001543 -0.023090 0.005000 -0.000732 -0.023632 0.005000 0.000000 -0.025400 0.005000 -0.000190 -0.024443 0.005000 -0.000732 -0.027168 0.005000 -0.000190 -0.026357 0.005000 -0.002500 -0.042100 -0.005000 -0.002500 -0.042100 0.005000 -0.002500 -0.034100 -0.005000 -0.002500 -0.034100 0.005000 0.002500 -0.042100 -0.005000 0.002500 -0.042100 0.005000 0.002500 -0.034100 -0.005000 0.002500 -0.034100 0.005000 -0.002500 -0.042100 -0.002000 -0.002500 -0.034100 -0.002000 0.002500 -0.034100 -0.002000 0.002500 -0.042100 -0.002000 0.005500 -0.034100 -0.002000 0.005500 -0.034100 -0.005000 0.005500 -0.042100 -0.005000 0.005500 -0.042100 -0.002000 -0.002500 -0.035600 0.005000 -0.002500 -0.040600 0.005000 -0.002500 -0.040600 -0.002000 -0.002500 -0.035600 -0.002000 -0.000732 -0.036332 -0.005000 -0.000190 -0.037143 -0.005000 -0.001543 -0.035790 -0.005000 -0.001543 -0.040410 -0.005000 -0.002500 -0.040600 -0.005000 -0.002500 -0.035600 -0.005000 -0.000732 -0.039868 -0.005000 0.000000 -0.038100 -0.005000 -0.000190 -0.039057 -0.005000 -0.001543 -0.040410 0.005000 -0.001543 -0.035790 0.005000 -0.000732 -0.036332 0.005000 0.000000 -0.038100 0.005000 -0.000190 -0.037143 0.005000 -0.000732 -0.039868 0.005000 -0.000190 -0.039057 0.005000 -0.002500 -0.054800 -0.005000 -0.002500 -0.054800 0.005000 -0.002500 -0.046800 -0.005000 -0.002500 -0.046800 0.005000 0.002500 -0.054800 -0.005000 0.002500 -0.054800 0.005000 0.002500 -0.046800 -0.005000 0.002500 -0.046800 0.005000 -0.002500 -0.054800 -0.002000 -0.002500 -0.046800 -0.002000 0.002500 -0.046800 -0.002000 0.002500 -0.054800 -0.002000 0.005500 -0.046800 -0.002000 0.005500 -0.046800 -0.005000 0.005500 -0.054800 -0.005000 0.005500 -0.054800 -0.002000 -0.002500 -0.048300 0.005000 -0.002500 -0.053300 0.005000 -0.002500 -0.053300 -0.002000 -0.002500 -0.048300 -0.002000 -0.000732 -0.049032 -0.005000 -0.000190 -0.049843 -0.005000 -0.001543 -0.048490 -0.005000 -0.001543 -0.053110 -0.005000 -0.002500 -0.053300 -0.005000 -0.002500 -0.048300 -0.005000 -0.000732 -0.052568 -0.005000 0.000000 -0.050800 -0.005000 -0.000190 -0.051757 -0.005000 -0.001543 -0.053110 0.005000 -0.001543 -0.048490 0.005000 -0.000732 -0.049032 0.005000 0.000000 -0.050800 0.005000 -0.000190 -0.049843 0.005000 -0.000732 -0.052568 0.005000 -0.000190 -0.051757 0.005000 -0.002500 -0.067500 -0.005000 -0.002500 -0.067500 0.005000 -0.002500 -0.059500 -0.005000 -0.002500 -0.059500 0.005000 0.002500 -0.067500 -0.005000 0.002500 -0.067500 0.005000 0.002500 -0.059500 -0.005000 0.002500 -0.059500 0.005000 -0.002500 -0.067500 -0.002000 -0.002500 -0.059500 -0.002000 0.002500 -0.059500 -0.002000 0.002500 -0.067500 -0.002000 0.005500 -0.059500 -0.002000 0.005500 -0.059500 -0.005000 0.005500 -0.067500 -0.005000 0.005500 -0.067500 -0.002000 -0.002500 -0.061000 0.005000 -0.002500 -0.066000 0.005000 -0.002500 -0.066000 -0.002000 -0.002500 -0.061000 -0.002000 -0.000732 -0.061732 -0.005000 -0.000190 -0.062543 -0.005000 -0.001543 -0.061190 -0.005000 -0.001543 -0.065810 -0.005000 -0.002500 -0.066000 -0.005000 -0.002500 -0.061000 -0.005000 -0.000732 -0.065268 -0.005000 0.000000 -0.063500 -0.005000 -0.000190 -0.064457 -0.005000 -0.001543 -0.065810 0.005000 -0.001543 -0.061190 0.005000 -0.000732 -0.061732 0.005000 0.000000 -0.063500 0.005000 -0.000190 -0.062543 0.005000 -0.000732 -0.065268 0.005000 -0.000190 -0.064457 0.005000 -0.002500 -0.080200 -0.005000 -0.002500 -0.080200 0.005000 -0.002500 -0.072200 -0.005000 -0.002500 -0.072200 0.005000 0.002500 -0.080200 -0.005000 0.002500 -0.080200 0.005000 0.002500 -0.072200 -0.005000 0.002500 -0.072200 0.005000 -0.002500 -0.080200 -0.002000 -0.002500 -0.072200 -0.002000 0.002500 -0.072200 -0.002000 0.002500 -0.080200 -0.002000 0.005500 -0.072200 -0.002000 0.005500 -0.072200 -0.005000 0.005500 -0.080200 -0.005000 0.005500 -0.080200 -0.002000 -0.002500 -0.073700 0.005000 -0.002500 -0.078700 0.005000 -0.002500 -0.078700 -0.002000 -0.002500 -0.073700 -0.002000 -0.000732 -0.074432 -0.005000 -0.000190 -0.075243 -0.005000 -0.001543 -0.073890 -0.005000 -0.001543 -0.078510 -0.005000 -0.002500 -0.078700 -0.005000 -0.002500 -0.073700 -0.005000 -0.000732 -0.077968 -0.005000 0.000000 -0.076200 -0.005000 -0.000190 -0.077157 -0.005000 -0.001543 -0.078510 0.005000 -0.001543 -0.073890 0.005000 -0.000732 -0.074432 0.005000 0.000000 -0.076200 0.005000 -0.000190 -0.075243 0.005000 -0.000732 -0.077968 0.005000 -0.000190 -0.077157 0.005000 -0.002500 -0.092900 -0.005000 -0.002500 -0.092900 0.005000 -0.002500 -0.084900 -0.005000 -0.002500 -0.084900 0.005000 0.002500 -0.092900 -0.005000 0.002500 -0.092900 0.005000 0.002500 -0.084900 -0.005000 0.002500 -0.084900 0.005000 -0.002500 -0.092900 -0.002000 -0.002500 -0.084900 -0.002000 0.002500 -0.084900 -0.002000 0.002500 -0.092900 -0.002000 0.005500 -0.084900 -0.002000 0.005500 -0.084900 -0.005000 0.005500 -0.092900 -0.005000 0.005500 -0.092900 -0.002000 -0.002500 -0.086400 0.005000 -0.002500 -0.091400 0.005000 -0.002500 -0.091400 -0.002000 -0.002500 -0.086400 -0.002000 -0.000732 -0.087132 -0.005000 -0.000190 -0.087943 -0.005000 -0.001543 -0.086590 -0.005000 -0.001543 -0.091210 -0.005000 -0.002500 -0.091400 -0.005000 -0.002500 -0.086400 -0.005000 -0.000732 -0.090668 -0.005000 0.000000 -0.088900 -0.005000 -0.000190 -0.089857 -0.005000 -0.001543 -0.091210 0.005000 -0.001543 -0.086590 0.005000 -0.000732 -0.087132 0.005000 0.000000 -0.088900 0.005000 -0.000190 -0.087943 0.005000 -0.000732 -0.090668 0.005000 -0.000190 -0.089857 0.005000 "
							            />
							<Normal DEF="normals_ME_Pin_Base_000"
							        vector="-0.577351 -0.577349 -0.577350 -0.577351 -0.577349 0.577350 -0.577351 0.577349 -0.577350 -0.577351 0.577350 0.577350 -0.000000 -0.707107 -0.707107 0.577350 -0.577350 0.577350 -0.000000 0.707107 -0.707107 0.577350 0.577350 0.577350 -0.707108 -0.707106 -0.000000 -0.707108 0.707106 -0.000000 0.301511 0.904534 0.301511 0.301511 -0.904534 0.301511 0.577350 0.577350 0.577350 0.577350 0.577350 -0.577350 0.577350 -0.577350 -0.577350 0.577350 -0.577350 0.577350 -0.625042 -0.512960 0.588382 -0.625042 0.512960 0.588383 -0.773009 0.634395 -0.000000 -0.773010 -0.634394 -0.000000 -0.527642 -0.527642 -0.665723 -0.689398 -0.285558 -0.665723 -0.285558 -0.689398 -0.665723 -0.285558 0.689398 -0.665723 -0.625042 0.512960 -0.588383 -0.625042 -0.512960 -0.588383 -0.527642 0.527642 -0.665723 -0.746199 0.000000 -0.665723 -0.689398 0.285558 -0.665723 -0.285558 0.689398 0.665723 -0.285558 -0.689398 0.665723 -0.527642 -0.527642 0.665723 -0.746199 -0.000000 0.665723 -0.689398 -0.285558 0.665723 -0.527642 0.527642 0.665723 -0.689398 0.285558 0.665723 -0.577351 -0.577349 -0.577350 -0.577351 -0.577349 0.577350 -0.577351 0.577349 -0.577350 -0.577351 0.577350 0.577350 0.000000 -0.707107 -0.707107 0.577350 -0.577350 0.577350 0.000000 0.707107 -0.707107 0.577350 0.577350 0.577350 -0.707108 -0.707106 0.000000 -0.707108 0.707106 -0.000000 0.301511 0.904534 0.301511 0.301511 -0.904534 0.301511 0.577350 0.577350 0.577350 0.577350 0.577350 -0.577350 0.577350 -0.577350 -0.577350 0.577350 -0.577350 0.577350 -0.625042 -0.512960 0.588382 -0.625042 0.512960 0.588383 -0.773009 0.634395 0.000000 -0.773010 -0.634394 -0.000000 -0.527642 -0.527642 -0.665723 -0.689398 -0.285558 -0.665723 -0.285558 -0.689398 -0.665723 -0.285558 0.689398 -0.665723 -0.625042 0.512960 -0.588383 -0.625042 -0.512960 -0.588383 -0.527642 0.527642 -0.665723 -0.746199 0.000000 -0.665723 -0.689398 0.285558 -0.665723 -0.285558 0.689398 0.665723 -0.285558 -0.689398 0.665723 -0.527642 -0.527642 0.665723 -0.746199 0.000000 0.665723 -0.689398 -0.285558 0.665723 -0.527642 0.527642 0.665723 -0.689398 0.285558 0.665723 -0.577351 -0.577349 -0.577350 -0.577351 -0.577349 0.577350 -0.577351 0.577349 -0.577350 -0.577351 0.577350 0.577350 0.000000 -0.707107 -0.707107 0.577350 -0.577350 0.577350 0.000000 0.707107 -0.707107 0.577350 0.577350 0.577350 -0.707108 -0.707106 0.000000 -0.707108 0.707106 -0.000000 0.301511 0.904534 0.301511 0.301511 -0.904534 0.301511 0.577350 0.577350 0.577350 0.577350 0.577350 -0.577350 0.577350 -0.577350 -0.577350 0.577350 -0.577350 0.577350 -0.625042 -0.512960 0.588382 -0.625042 0.512960 0.588383 -0.773009 0.634395 0.000000 -0.773010 -0.634394 -0.000000 -0.527642 -0.527642 -0.665723 -0.689398 -0.285558 -0.665723 -0.285558 -0.689398 -0.665723 -0.285558 0.689398 -0.665723 -0.625042 0.512960 -0.588383 -0.625041 -0.512960 -0.588383 -0.527642 0.527642 -0.665723 -0.746199 0.000000 -0.665723 -0.689398 0.285558 -0.665723 -0.285558 0.689398 0.665723 -0.285558 -0.689398 0.665723 -0.527642 -0.527642 0.665723 -0.746199 0.000000 0.665723 -0.689398 -0.285558 0.665723 -0.527642 0.527642 0.665723 -0.689398 0.285558 0.665723 -0.577351 -0.577349 -0.577350 -0.577351 -0.577349 0.577350 -0.577351 0.577349 -0.577350 -0.577351 0.577350 0.577350 0.000000 -0.707107 -0.707107 0.577350 -0.577350 0.577350 0.000000 0.707107 -0.707107 0.577350 0.577350 0.577350 -0.707108 -0.707106 0.000000 -0.707108 0.707106 -0.000000 0.301511 0.904534 0.301511 0.301511 -0.904534 0.301511 0.577350 0.577350 0.577350 0.577350 0.577350 -0.577350 0.577350 -0.577350 -0.577350 0.577350 -0.577350 0.577350 -0.625043 -0.512959 0.588382 -0.625042 0.512960 0.588383 -0.773010 0.634394 0.000000 -0.773010 -0.634394 -0.000000 -0.527642 -0.527643 -0.665723 -0.689398 -0.285558 -0.665723 -0.285558 -0.689398 -0.665724 -0.285558 0.689398 -0.665724 -0.625042 0.512960 -0.588383 -0.625042 -0.512960 -0.588383 -0.527642 0.527643 -0.665723 -0.746199 0.000000 -0.665723 -0.689398 0.285558 -0.665723 -0.285558 0.689398 0.665724 -0.285558 -0.689398 0.665723 -0.527642 -0.527643 0.665723 -0.746199 0.000000 0.665723 -0.689398 -0.285558 0.665723 -0.527642 0.527643 0.665723 -0.689398 0.285558 0.665723 -0.577351 -0.577349 -0.577350 -0.577351 -0.577349 0.577350 -0.577351 0.577349 -0.577350 -0.577351 0.577350 0.577350 0.000000 -0.707107 -0.707107 0.577350 -0.577350 0.577350 0.000000 0.707107 -0.707107 0.577350 0.577350 0.577350 -0.707108 -0.707106 0.000000 -0.707108 0.707106 -0.000000 0.301511 0.904534 0.301511 0.301511 -0.904534 0.301511 0.577350 0.577350 0.577350 0.577350 0.577350 -0.577350 0.577350 -0.577350 -0.577350 0.577350 -0.577350 0.577350 -0.625043 -0.512959 0.588383 -0.625042 0.512960 0.588383 -0.773010 0.634394 0.000000 -0.773010 -0.634394 -0.000000 -0.527642 -0.527643 -0.665723 -0.689398 -0.285558 -0.665723 -0.285558 -0.689398 -0.665724 -0.285558 0.689398 -0.665724 -0.625042 0.512960 -0.588383 -0.625042 -0.512960 -0.588383 -0.527642 0.527643 -0.665723 -0.746199 0.000000 -0.665723 -0.689398 0.285558 -0.665723 -0.285558 0.689398 0.665724 -0.285558 -0.689398 0.665723 -0.527642 -0.527643 0.665723 -0.746199 0.000000 0.665723 -0.689398 -0.285558 0.665723 -0.527642 0.527643 0.665723 -0.689398 0.285558 0.665723 -0.577351 -0.577349 -0.577350 -0.577351 -0.577349 0.577350 -0.577351 0.577349 -0.577350 -0.577351 0.577350 0.577350 -0.000000 -0.707107 -0.707107 0.577350 -0.577350 0.577350 -0.000000 0.707107 -0.707107 0.577350 0.577350 0.577350 -0.707108 -0.707106 0.000000 -0.707108 0.707106 -0.000000 0.301511 0.904534 0.301511 0.301511 -0.904534 0.301511 0.577350 0.577350 0.577350 0.577350 0.577350 -0.577350 0.577350 -0.577350 -0.577350 0.577350 -0.577350 0.577350 -0.625043 -0.512959 0.588383 -0.625042 0.512960 0.588383 -0.773010 0.634394 0.000000 -0.773010 -0.634394 -0.000000 -0.527642 -0.527643 -0.665723 -0.689398 -0.285558 -0.665723 -0.285558 -0.689398 -0.665724 -0.285559 0.689397 -0.665723 -0.625042 0.512960 -0.588383 -0.625042 -0.512960 -0.588383 -0.527642 0.527642 -0.665723 -0.746199 0.000000 -0.665723 -0.689398 0.285558 -0.665723 -0.285559 0.689397 0.665723 -0.285558 -0.689398 0.665723 -0.527642 -0.527643 0.665723 -0.746199 0.000000 0.665723 -0.689398 -0.285558 0.665723 -0.527642 0.527642 0.665723 -0.689398 0.285558 0.665723 -0.577351 -0.577349 -0.577350 -0.577351 -0.577349 0.577350 -0.577351 0.577349 -0.577350 -0.577351 0.577350 0.577350 -0.000000 -0.707107 -0.707107 0.577350 -0.577350 0.577350 -0.000000 0.707107 -0.707107 0.577350 0.577350 0.577350 -0.707108 -0.707106 0.000000 -0.707108 0.707106 -0.000000 0.301511 0.904534 0.301511 0.301511 -0.904534 0.301511 0.577350 0.577350 0.577350 0.577350 0.577350 -0.577350 0.577350 -0.577350 -0.577350 0.577350 -0.577350 0.577350 -0.625043 -0.512959 0.588383 -0.625042 0.512960 0.588383 -0.773010 0.634394 0.000000 -0.773010 -0.634394 -0.000000 -0.527642 -0.527642 -0.665723 -0.689398 -0.285558 -0.665723 -0.285559 -0.689397 -0.665723 -0.285559 0.689397 -0.665723 -0.625042 0.512960 -0.588383 -0.625042 -0.512960 -0.588383 -0.527642 0.527642 -0.665723 -0.746199 0.000000 -0.665723 -0.689398 0.285558 -0.665723 -0.285559 0.689397 0.665723 -0.285559 -0.689397 0.665723 -0.527642 -0.527642 0.665723 -0.746199 0.000000 0.665723 -0.689398 -0.285558 0.665723 -0.527642 0.527642 0.665723 -0.689398 0.285558 0.665723 -0.577351 -0.577349 -0.577350 -0.577351 -0.577349 0.577350 -0.577351 0.577349 -0.577350 -0.577351 0.577350 0.577350 -0.000000 -0.707107 -0.707107 0.577350 -0.577350 0.577350 -0.000000 0.707107 -0.707107 0.577350 0.577350 0.577350 -0.707108 -0.707106 0.000000 -0.707108 0.707106 -0.000000 0.301511 0.904534 0.301511 0.301511 -0.904534 0.301511 0.577350 0.577350 0.577350 0.577350 0.577350 -0.577350 0.577350 -0.577350 -0.577350 0.577350 -0.577350 0.577350 -0.625043 -0.512959 0.588383 -0.625042 0.512960 0.588383 -0.773010 0.634394 0.000000 -0.773010 -0.634394 -0.000000 -0.527642 -0.527642 -0.665723 -0.689398 -0.285558 -0.665723 -0.285559 -0.689397 -0.665723 -0.285559 0.689397 -0.665723 -0.625042 0.512960 -0.588383 -0.625042 -0.512960 -0.588383 -0.527642 0.527642 -0.665723 -0.746199 0.000000 -0.665723 -0.689398 0.285558 -0.665723 -0.285559 0.689397 0.665723 -0.285559 -0.689397 0.665723 -0.527642 -0.527642 0.665723 -0.746199 0.000000 0.665723 -0.689398 -0.285558 0.665723 -0.527642 0.527642 0.665723 -0.689398 0.285558 0.665723 "
							        />
							<TextureCoordinate point="0.6250 0.2500 0.5000 0.2500 0.5000 0.2031 0.6250 0.2031 0.5000 0.0000 0.6250 0.0000 0.6250 0.0469 0.5000 0.0469 0.5000 0.2500 0.6250 0.2500 0.6250 0.5000 0.5000 0.5000 0.5000 0.5000 0.6250 0.5000 0.6250 0.7500 0.5000 0.7500 0.5000 0.7500 0.6250 0.7500 0.6250 1.0000 0.5000 1.0000 0.1250 0.5000 0.3750 0.5000 0.3750 0.7500 0.1250 0.7500 0.1250 0.7031 0.1728 0.6972 0.2134 0.6802 0.2405 0.6549 0.2500 0.6250 0.2405 0.5951 0.2134 0.5698 0.1728 0.5528 0.1250 0.5469 0.8750 0.7031 0.8750 0.7500 0.6250 0.7500 0.6250 0.5000 0.8750 0.5000 0.8750 0.5469 0.8272 0.5528 0.7866 0.5698 0.7595 0.5951 0.7500 0.6250 0.7595 0.6549 0.7866 0.6802 0.8272 0.6972 0.3750 0.7500 0.5000 0.7500 0.5000 1.0000 0.3750 1.0000 0.3750 0.7500 0.3750 0.5000 0.3750 0.5000 0.3750 0.7500 0.3750 0.2500 0.5000 0.2500 0.5000 0.5000 0.3750 0.5000 0.5000 0.2500 0.3750 0.2500 0.3750 0.2031 0.5000 0.2031 0.3750 0.0000 0.5000 0.0000 0.5000 0.0469 0.3750 0.0469 0.3750 0.5000 0.5000 0.5000 0.5000 0.7500 0.3750 0.7500 0.3750 0.5000 0.5000 0.5000 0.5000 0.5000 0.3750 0.5000 0.5000 0.5000 0.5000 0.7500 0.5000 0.7500 0.5000 0.5000 0.5000 0.7500 0.3750 0.7500 0.3750 0.7500 0.5000 0.7500 1.0000 0.8480 1.0000 0.5049 0.9375 0.5049 0.9375 0.9951 1.0000 0.9951 0.8750 0.9951 0.9375 0.9951 0.9375 0.5049 0.8750 0.5049 0.8125 0.9951 0.8750 0.9951 0.8750 0.5049 0.8125 0.5049 0.7500 0.9951 0.8125 0.9951 0.8125 0.5049 0.7500 0.5049 0.6875 0.9951 0.7500 0.9951 0.7500 0.5049 0.6875 0.5049 0.6250 0.9951 0.6875 0.9951 0.6875 0.5049 0.6250 0.5049 0.5625 0.5049 0.5625 0.9951 0.6250 0.9951 0.6250 0.5049 0.5000 0.5049 0.5000 0.8480 0.5000 0.9951 0.5625 0.9951 0.5625 0.5049 0.6250 0.2500 0.5000 0.2500 0.5000 0.2031 0.6250 0.2031 0.5000 0.0000 0.6250 0.0000 0.6250 0.0469 0.5000 0.0469 0.5000 0.2500 0.6250 0.2500 0.6250 0.5000 0.5000 0.5000 0.5000 0.5000 0.6250 0.5000 0.6250 0.7500 0.5000 0.7500 0.5000 0.7500 0.6250 0.7500 0.6250 1.0000 0.5000 1.0000 0.1250 0.5000 0.3750 0.5000 0.3750 0.7500 0.1250 0.7500 0.1250 0.7031 0.1728 0.6972 0.2134 0.6802 0.2405 0.6549 0.2500 0.6250 0.2405 0.5951 0.2134 0.5698 0.1728 0.5528 0.1250 0.5469 0.8750 0.7031 0.8750 0.7500 0.6250 0.7500 0.6250 0.5000 0.8750 0.5000 0.8750 0.5469 0.8272 0.5528 0.7866 0.5698 0.7595 0.5951 0.7500 0.6250 0.7595 0.6549 0.7866 0.6802 0.8272 0.6972 0.3750 0.7500 0.5000 0.7500 0.5000 1.0000 0.3750 1.0000 0.3750 0.7500 0.3750 0.5000 0.3750 0.5000 0.3750 0.7500 0.3750 0.2500 0.5000 0.2500 0.5000 0.5000 0.3750 0.5000 0.5000 0.2500 0.3750 0.2500 0.3750 0.2031 0.5000 0.2031 0.3750 0.0000 0.5000 0.0000 0.5000 0.0469 0.3750 0.0469 0.3750 0.5000 0.5000 0.5000 0.5000 0.7500 0.3750 0.7500 0.3750 0.5000 0.5000 0.5000 0.5000 0.5000 0.3750 0.5000 0.5000 0.5000 0.5000 0.7500 0.5000 0.7500 0.5000 0.5000 0.5000 0.7500 0.3750 0.7500 0.3750 0.7500 0.5000 0.7500 1.0000 0.8480 1.0000 0.5049 0.9375 0.5049 0.9375 0.9951 1.0000 0.9951 0.8750 0.9951 0.9375 0.9951 0.9375 0.5049 0.8750 0.5049 0.8125 0.9951 0.8750 0.9951 0.8750 0.5049 0.8125 0.5049 0.7500 0.9951 0.8125 0.9951 0.8125 0.5049 0.7500 0.5049 0.6875 0.9951 0.7500 0.9951 0.7500 0.5049 0.6875 0.5049 0.6250 0.9951 0.6875 0.9951 0.6875 0.5049 0.6250 0.5049 0.5625 0.5049 0.5625 0.9951 0.6250 0.9951 0.6250 0.5049 0.5000 0.5049 0.5000 0.8480 0.5000 0.9951 0.5625 0.9951 0.5625 0.5049 0.6250 0.2500 0.5000 0.2500 0.5000 0.2031 0.6250 0.2031 0.5000 0.0000 0.6250 0.0000 0.6250 0.0469 0.5000 0.0469 0.5000 0.2500 0.6250 0.2500 0.6250 0.5000 0.5000 0.5000 0.5000 0.5000 0.6250 0.5000 0.6250 0.7500 0.5000 0.7500 0.5000 0.7500 0.6250 0.7500 0.6250 1.0000 0.5000 1.0000 0.1250 0.5000 0.3750 0.5000 0.3750 0.7500 0.1250 0.7500 0.1250 0.7031 0.1728 0.6972 0.2134 0.6802 0.2405 0.6549 0.2500 0.6250 0.2405 0.5951 0.2134 0.5698 0.1728 0.5528 0.1250 0.5469 0.8750 0.7031 0.8750 0.7500 0.6250 0.7500 0.6250 0.5000 0.8750 0.5000 0.8750 0.5469 0.8272 0.5528 0.7866 0.5698 0.7595 0.5951 0.7500 0.6250 0.7595 0.6549 0.7866 0.6802 0.8272 0.6972 0.3750 0.7500 0.5000 0.7500 0.5000 1.0000 0.3750 1.0000 0.3750 0.7500 0.3750 0.5000 0.3750 0.5000 0.3750 0.7500 0.3750 0.2500 0.5000 0.2500 0.5000 0.5000 0.3750 0.5000 0.5000 0.2500 0.3750 0.2500 0.3750 0.2031 0.5000 0.2031 0.3750 0.0000 0.5000 0.0000 0.5000 0.0469 0.3750 0.0469 0.3750 0.5000 0.5000 0.5000 0.5000 0.7500 0.3750 0.7500 0.3750 0.5000 0.5000 0.5000 0.5000 0.5000 0.3750 0.5000 0.5000 0.5000 0.5000 0.7500 0.5000 0.7500 0.5000 0.5000 0.5000 0.7500 0.3750 0.7500 0.3750 0.7500 0.5000 0.7500 1.0000 0.8480 1.0000 0.5049 0.9375 0.5049 0.9375 0.9951 1.0000 0.9951 0.8750 0.9951 0.9375 0.9951 0.9375 0.5049 0.8750 0.5049 0.8125 0.9951 0.8750 0.9951 0.8750 0.5049 0.8125 0.5049 0.7500 0.9951 0.8125 0.9951 0.8125 0.5049 0.7500 0.5049 0.6875 0.9951 0.7500 0.9951 0.7500 0.5049 0.6875 0.5049 0.6250 0.9951 0.6875 0.9951 0.6875 0.5049 0.6250 0.5049 0.5625 0.5049 0.5625 0.9951 0.6250 0.9951 0.6250 0.5049 0.5000 0.5049 0.5000 0.8480 0.5000 0.9951 0.5625 0.9951 0.5625 0.5049 0.6250 0.2500 0.5000 0.2500 0.5000 0.2031 0.6250 0.2031 0.5000 0.0000 0.6250 0.0000 0.6250 0.0469 0.5000 0.0469 0.5000 0.2500 0.6250 0.2500 0.6250 0.5000 0.5000 0.5000 0.5000 0.5000 0.6250 0.5000 0.6250 0.7500 0.5000 0.7500 0.5000 0.7500 0.6250 0.7500 0.6250 1.0000 0.5000 1.0000 0.1250 0.5000 0.3750 0.5000 0.3750 0.7500 0.1250 0.7500 0.1250 0.7031 0.1728 0.6972 0.2134 0.6802 0.2405 0.6549 0.2500 0.6250 0.2405 0.5951 0.2134 0.5698 0.1728 0.5528 0.1250 0.5469 0.8750 0.7031 0.8750 0.7500 0.6250 0.7500 0.6250 0.5000 0.8750 0.5000 0.8750 0.5469 0.8272 0.5528 0.7866 0.5698 0.7595 0.5951 0.7500 0.6250 0.7595 0.6549 0.7866 0.6802 0.8272 0.6972 0.3750 0.7500 0.5000 0.7500 0.5000 1.0000 0.3750 1.0000 0.3750 0.7500 0.3750 0.5000 0.3750 0.5000 0.3750 0.7500 0.3750 0.2500 0.5000 0.2500 0.5000 0.5000 0.3750 0.5000 0.5000 0.2500 0.3750 0.2500 0.3750 0.2031 0.5000 0.2031 0.3750 0.0000 0.5000 0.0000 0.5000 0.0469 0.3750 0.0469 0.3750 0.5000 0.5000 0.5000 0.5000 0.7500 0.3750 0.7500 0.3750 0.5000 0.5000 0.5000 0.5000 0.5000 0.3750 0.5000 0.5000 0.5000 0.5000 0.7500 0.5000 0.7500 0.5000 0.5000 0.5000 0.7500 0.3750 0.7500 0.3750 0.7500 0.5000 0.7500 1.0000 0.8480 1.0000 0.5049 0.9375 0.5049 0.9375 0.9951 1.0000 0.9951 0.8750 0.9951 0.9375 0.9951 0.9375 0.5049 0.8750 0.5049 0.8125 0.9951 0.8750 0.9951 0.8750 0.5049 0.8125 0.5049 0.7500 0.9951 0.8125 0.9951 0.8125 0.5049 0.7500 0.5049 0.6875 0.9951 0.7500 0.9951 0.7500 0.5049 0.6875 0.5049 0.6250 0.9951 0.6875 0.9951 0.6875 0.5049 0.6250 0.5049 0.5625 0.5049 0.5625 0.9951 0.6250 0.9951 0.6250 0.5049 0.5000 0.5049 0.5000 0.8480 0.5000 0.9951 0.5625 0.9951 0.5625 0.5049 0.6250 0.2500 0.5000 0.2500 0.5000 0.2031 0.6250 0.2031 0.5000 0.0000 0.6250 0.0000 0.6250 0.0469 0.5000 0.0469 0.5000 0.2500 0.6250 0.2500 0.6250 0.5000 0.5000 0.5000 0.5000 0.5000 0.6250 0.5000 0.6250 0.7500 0.5000 0.7500 0.5000 0.7500 0.6250 0.7500 0.6250 1.0000 0.5000 1.0000 0.1250 0.5000 0.3750 0.5000 0.3750 0.7500 0.1250 0.7500 0.1250 0.7031 0.1728 0.6972 0.2134 0.6802 0.2405 0.6549 0.2500 0.6250 0.2405 0.5951 0.2134 0.5698 0.1728 0.5528 0.1250 0.5469 0.8750 0.7031 0.8750 0.7500 0.6250 0.7500 0.6250 0.5000 0.8750 0.5000 0.8750 0.5469 0.8272 0.5528 0.7866 0.5698 0.7595 0.5951 0.7500 0.6250 0.7595 0.6549 0.7866 0.6802 0.8272 0.6972 0.3750 0.7500 0.5000 0.7500 0.5000 1.0000 0.3750 1.0000 0.3750 0.7500 0.3750 0.5000 0.3750 0.5000 0.3750 0.7500 0.3750 0.2500 0.5000 0.2500 0.5000 0.5000 0.3750 0.5000 0.5000 0.2500 0.3750 0.2500 0.3750 0.2031 0.5000 0.2031 0.3750 0.0000 0.5000 0.0000 0.5000 0.0469 0.3750 0.0469 0.3750 0.5000 0.5000 0.5000 0.5000 0.7500 0.3750 0.7500 0.3750 0.5000 0.5000 0.5000 0.5000 0.5000 0.3750 0.5000 0.5000 0.5000 0.5000 0.7500 0.5000 0.7500 0.5000 0.5000 0.5000 0.7500 0.3750 0.7500 0.3750 0.7500 0.5000 0.7500 1.0000 0.8480 1.0000 0.5049 0.9375 0.5049 0.9375 0.9951 1.0000 0.9951 0.8750 0.9951 0.9375 0.9951 0.9375 0.5049 0.8750 0.5049 0.8125 0.9951 0.8750 0.9951 0.8750 0.5049 0.8125 0.5049 0.7500 0.9951 0.8125 0.9951 0.8125 0.5049 0.7500 0.5049 0.6875 0.9951 0.7500 0.9951 0.7500 0.5049 0.6875 0.5049 0.6250 0.9951 0.6875 0.9951 0.6875 0.5049 0.6250 0.5049 0.5625 0.5049 0.5625 0.9951 0.6250 0.9951 0.6250 0.5049 0.5000 0.5049 0.5000 0.8480 0.5000 0.9951 0.5625 0.9951 0.5625 0.5049 0.6250 0.2500 0.5000 0.2500 0.5000 0.2031 0.6250 0.2031 0.5000 0.0000 0.6250 0.0000 0.6250 0.0469 0.5000 0.0469 0.5000 0.2500 0.6250 0.2500 0.6250 0.5000 0.5000 0.5000 0.5000 0.5000 0.6250 0.5000 0.6250 0.7500 0.5000 0.7500 0.5000 0.7500 0.6250 0.7500 0.6250 1.0000 0.5000 1.0000 0.1250 0.5000 0.3750 0.5000 0.3750 0.7500 0.1250 0.7500 0.1250 0.7031 0.1728 0.6972 0.2134 0.6802 0.2405 0.6549 0.2500 0.6250 0.2405 0.5951 0.2134 0.5698 0.1728 0.5528 0.1250 0.5469 0.8750 0.7031 0.8750 0.7500 0.6250 0.7500 0.6250 0.5000 0.8750 0.5000 0.8750 0.5469 0.8272 0.5528 0.7866 0.5698 0.7595 0.5951 0.7500 0.6250 0.7595 0.6549 0.7866 0.6802 0.8272 0.6972 0.3750 0.7500 0.5000 0.7500 0.5000 1.0000 0.3750 1.0000 0.3750 0.7500 0.3750 0.5000 0.3750 0.5000 0.3750 0.7500 0.3750 0.2500 0.5000 0.2500 0.5000 0.5000 0.3750 0.5000 0.5000 0.2500 0.3750 0.2500 0.3750 0.2031 0.5000 0.2031 0.3750 0.0000 0.5000 0.0000 0.5000 0.0469 0.3750 0.0469 0.3750 0.5000 0.5000 0.5000 0.5000 0.7500 0.3750 0.7500 0.3750 0.5000 0.5000 0.5000 0.5000 0.5000 0.3750 0.5000 0.5000 0.5000 0.5000 0.7500 0.5000 0.7500 0.5000 0.5000 0.5000 0.7500 0.3750 0.7500 0.3750 0.7500 0.5000 0.7500 1.0000 0.8480 1.0000 0.5049 0.9375 0.5049 0.9375 0.9951 1.0000 0.9951 0.8750 0.9951 0.9375 0.9951 0.9375 0.5049 0.8750 0.5049 0.8125 0.9951 0.8750 0.9951 0.8750 0.5049 0.8125 0.5049 0.7500 0.9951 0.8125 0.9951 0.8125 0.5049 0.7500 0.5049 0.6875 0.9951 0.7500 0.9951 0.7500 0.5049 0.6875 0.5049 0.6250 0.9951 0.6875 0.9951 0.6875 0.5049 0.6250 0.5049 0.5625 0.5049 0.5625 0.9951 0.6250 0.9951 0.6250 0.5049 0.5000 0.5049 0.5000 0.8480 0.5000 0.9951 0.5625 0.9951 0.5625 0.5049 0.6250 0.2500 0.5000 0.2500 0.5000 0.2031 0.6250 0.2031 0.5000 0.0000 0.6250 0.0000 0.6250 0.0469 0.5000 0.0469 0.5000 0.2500 0.6250 0.2500 0.6250 0.5000 0.5000 0.5000 0.5000 0.5000 0.6250 0.5000 0.6250 0.7500 0.5000 0.7500 0.5000 0.7500 0.6250 0.7500 0.6250 1.0000 0.5000 1.0000 0.1250 0.5000 0.3750 0.5000 0.3750 0.7500 0.1250 0.7500 0.1250 0.7031 0.1728 0.6972 0.2134 0.6802 0.2405 0.6549 0.2500 0.6250 0.2405 0.5951 0.2134 0.5698 0.1728 0.5528 0.1250 0.5469 0.8750 0.7031 0.8750 0.7500 0.6250 0.7500 0.6250 0.5000 0.8750 0.5000 0.8750 0.5469 0.8272 0.5528 0.7866 0.5698 0.7595 0.5951 0.7500 0.6250 0.7595 0.6549 0.7866 0.6802 0.8272 0.6972 0.3750 0.7500 0.5000 0.7500 0.5000 1.0000 0.3750 1.0000 0.3750 0.7500 0.3750 0.5000 0.3750 0.5000 0.3750 0.7500 0.3750 0.2500 0.5000 0.2500 0.5000 0.5000 0.3750 0.5000 0.5000 0.2500 0.3750 0.2500 0.3750 0.2031 0.5000 0.2031 0.3750 0.0000 0.5000 0.0000 0.5000 0.0469 0.3750 0.0469 0.3750 0.5000 0.5000 0.5000 0.5000 0.7500 0.3750 0.7500 0.3750 0.5000 0.5000 0.5000 0.5000 0.5000 0.3750 0.5000 0.5000 0.5000 0.5000 0.7500 0.5000 0.7500 0.5000 0.5000 0.5000 0.7500 0.3750 0.7500 0.3750 0.7500 0.5000 0.7500 1.0000 0.8480 1.0000 0.5049 0.9375 0.5049 0.9375 0.9951 1.0000 0.9951 0.8750 0.9951 0.9375 0.9951 0.9375 0.5049 0.8750 0.5049 0.8125 0.9951 0.8750 0.9951 0.8750 0.5049 0.8125 0.5049 0.7500 0.9951 0.8125 0.9951 0.8125 0.5049 0.7500 0.5049 0.6875 0.9951 0.7500 0.9951 0.7500 0.5049 0.6875 0.5049 0.6250 0.9951 0.6875 0.9951 0.6875 0.5049 0.6250 0.5049 0.5625 0.5049 0.5625 0.9951 0.6250 0.9951 0.6250 0.5049 0.5000 0.5049 0.5000 0.8480 0.5000 0.9951 0.5625 0.9951 0.5625 0.5049 0.6250 0.2500 0.5000 0.2500 0.5000 0.2031 0.6250 0.2031 0.5000 0.0000 0.6250 0.0000 0.6250 0.0469 0.5000 0.0469 0.5000 0.2500 0.6250 0.2500 0.6250 0.5000 0.5000 0.5000 0.5000 0.5000 0.6250 0.5000 0.6250 0.7500 0.5000 0.7500 0.5000 0.7500 0.6250 0.7500 0.6250 1.0000 0.5000 1.0000 0.1250 0.5000 0.3750 0.5000 0.3750 0.7500 0.1250 0.7500 0.1250 0.7031 0.1728 0.6972 0.2134 0.6802 0.2405 0.6549 0.2500 0.6250 0.2405 0.5951 0.2134 0.5698 0.1728 0.5528 0.1250 0.5469 0.8750 0.7031 0.8750 0.7500 0.6250 0.7500 0.6250 0.5000 0.8750 0.5000 0.8750 0.5469 0.8272 0.5528 0.7866 0.5698 0.7595 0.5951 0.7500 0.6250 0.7595 0.6549 0.7866 0.6802 0.8272 0.6972 0.3750 0.7500 0.5000 0.7500 0.5000 1.0000 0.3750 1.0000 0.3750 0.7500 0.3750 0.5000 0.3750 0.5000 0.3750 0.7500 0.3750 0.2500 0.5000 0.2500 0.5000 0.5000 0.3750 0.5000 0.5000 0.2500 0.3750 0.2500 0.3750 0.2031 0.5000 0.2031 0.3750 0.0000 0.5000 0.0000 0.5000 0.0469 0.3750 0.0469 0.3750 0.5000 0.5000 0.5000 0.5000 0.7500 0.3750 0.7500 0.3750 0.5000 0.5000 0.5000 0.5000 0.5000 0.3750 0.5000 0.5000 0.5000 0.5000 0.7500 0.5000 0.7500 0.5000 0.5000 0.5000 0.7500 0.3750 0.7500 0.3750 0.7500 0.5000 0.7500 1.0000 0.8480 1.0000 0.5049 0.9375 0.5049 0.9375 0.9951 1.0000 0.9951 0.8750 0.9951 0.9375 0.9951 0.9375 0.5049 0.8750 0.5049 0.8125 0.9951 0.8750 0.9951 0.8750 0.5049 0.8125 0.5049 0.7500 0.9951 0.8125 0.9951 0.8125 0.5049 0.7500 0.5049 0.6875 0.9951 0.7500 0.9951 0.7500 0.5049 0.6875 0.5049 0.6250 0.9951 0.6875 0.9951 0.6875 0.5049 0.6250 0.5049 0.5625 0.5049 0.5625 0.9951 0.6250 0.9951 0.6250 0.5049 0.5000 0.5049 0.5000 0.8480 0.5000 0.9951 0.5625 0.9951 0.5625 0.5049 " />
						</IndexedFaceSet>
					</Shape>
				</Group>
			</Transform>
		</Transform>
		<Transform DEF="Pin_Base_028_TRANSFORM"
		           translation="-2.657579 0.196982 0.350339"
		           scale="39.370079 39.370079 39.370079"
		           rotation="-0.000000 0.707107 0.707107 3.141593"
		           >
			<Transform DEF="Pin_Base_028_ifs_TRANSFORM"
			           translation="-0.000000 -0.000000 0.000000"
			           scale="1.000000 1.000000 1.000000"
			           rotation="0.000000 1.000000 0.000000 0.000000"
			           >
				<Group DEF="group_ME_Pin_Base_001">
					<Shape>
						<Appearance>
							<Material USE="MA_Pins_001" />
						</Appearance>
						<IndexedFaceSet solid="false"
						                normalPerVertex="true"
						                texCoordIndex="0 1 2 3 -1 4 5 6 7 -1 8 9 10 11 -1 12 13 14 15 -1 16 17 18 19 -1 20 21 22 23 24 25 26 27 28 29 30 31 32 -1 33 34 35 36 37 38 39 40 41 42 43 44 45 -1 46 47 48 49 -1 50 51 52 53 -1 54 55 56 57 -1 58 59 60 61 -1 62 63 64 65 -1 66 67 68 69 -1 70 71 72 73 -1 74 75 76 77 -1 78 79 80 81 -1 82 83 84 85 86 -1 87 88 89 90 -1 91 92 93 94 -1 95 96 97 98 -1 99 100 101 102 -1 103 104 105 106 -1 107 108 109 110 -1 111 112 113 114 115 -1 116 117 118 119 -1 120 121 122 123 -1 124 125 126 127 -1 128 129 130 131 -1 132 133 134 135 -1 136 137 138 139 140 141 142 143 144 145 146 147 148 -1 149 150 151 152 153 154 155 156 157 158 159 160 161 -1 162 163 164 165 -1 166 167 168 169 -1 170 171 172 173 -1 174 175 176 177 -1 178 179 180 181 -1 182 183 184 185 -1 186 187 188 189 -1 190 191 192 193 -1 194 195 196 197 -1 198 199 200 201 202 -1 203 204 205 206 -1 207 208 209 210 -1 211 212 213 214 -1 215 216 217 218 -1 219 220 221 222 -1 223 224 225 226 -1 227 228 229 230 231 -1 232 233 234 235 -1 236 237 238 239 -1 240 241 242 243 -1 244 245 246 247 -1 248 249 250 251 -1 252 253 254 255 256 257 258 259 260 261 262 263 264 -1 265 266 267 268 269 270 271 272 273 274 275 276 277 -1 278 279 280 281 -1 282 283 284 285 -1 286 287 288 289 -1 290 291 292 293 -1 294 295 296 297 -1 298 299 300 301 -1 302 303 304 305 -1 306 307 308 309 -1 310 311 312 313 -1 314 315 316 317 318 -1 319 320 321 322 -1 323 324 325 326 -1 327 328 329 330 -1 331 332 333 334 -1 335 336 337 338 -1 339 340 341 342 -1 343 344 345 346 347 -1 348 349 350 351 -1 352 353 354 355 -1 356 357 358 359 -1 360 361 362 363 -1 364 365 366 367 -1 368 369 370 371 372 373 374 375 376 377 378 379 380 -1 381 382 383 384 385 386 387 388 389 390 391 392 393 -1 394 395 396 397 -1 398 399 400 401 -1 402 403 404 405 -1 406 407 408 409 -1 410 411 412 413 -1 414 415 416 417 -1 418 419 420 421 -1 422 423 424 425 -1 426 427 428 429 -1 430 431 432 433 434 -1 435 436 437 438 -1 439 440 441 442 -1 443 444 445 446 -1 447 448 449 450 -1 451 452 453 454 -1 455 456 457 458 -1 459 460 461 462 463 -1 464 465 466 467 -1 468 469 470 471 -1 472 473 474 475 -1 476 477 478 479 -1 480 481 482 483 -1 484 485 486 487 488 489 490 491 492 493 494 495 496 -1 497 498 499 500 501 502 503 504 505 506 507 508 509 -1 510 511 512 513 -1 514 515 516 517 -1 518 519 520 521 -1 522 523 524 525 -1 526 527 528 529 -1 530 531 532 533 -1 534 535 536 537 -1 538 539 540 541 -1 542 543 544 545 -1 546 547 548 549 550 -1 551 552 553 554 -1 555 556 557 558 -1 559 560 561 562 -1 563 564 565 566 -1 567 568 569 570 -1 571 572 573 574 -1 575 576 577 578 579 -1 580 581 582 583 -1 584 585 586 587 -1 588 589 590 591 -1 592 593 594 595 -1 596 597 598 599 -1 600 601 602 603 604 605 606 607 608 609 610 611 612 -1 613 614 615 616 617 618 619 620 621 622 623 624 625 -1 626 627 628 629 -1 630 631 632 633 -1 634 635 636 637 -1 638 639 640 641 -1 642 643 644 645 -1 646 647 648 649 -1 650 651 652 653 -1 654 655 656 657 -1 658 659 660 661 -1 662 663 664 665 666 -1 667 668 669 670 -1 671 672 673 674 -1 675 676 677 678 -1 679 680 681 682 -1 683 684 685 686 -1 687 688 689 690 -1 691 692 693 694 695 -1 696 697 698 699 -1 700 701 702 703 -1 704 705 706 707 -1 708 709 710 711 -1 712 713 714 715 -1 716 717 718 719 720 721 722 723 724 725 726 727 728 -1 729 730 731 732 733 734 735 736 737 738 739 740 741 -1 742 743 744 745 -1 746 747 748 749 -1 750 751 752 753 -1 754 755 756 757 -1 758 759 760 761 -1 762 763 764 765 -1 766 767 768 769 -1 770 771 772 773 -1 774 775 776 777 -1 778 779 780 781 782 -1 783 784 785 786 -1 787 788 789 790 -1 791 792 793 794 -1 795 796 797 798 -1 799 800 801 802 -1 803 804 805 806 -1 807 808 809 810 811 -1 812 813 814 815 -1 816 817 818 819 -1 820 821 822 823 -1 824 825 826 827 -1 828 829 830 831 -1 832 833 834 835 836 837 838 839 840 841 842 843 844 -1 845 846 847 848 849 850 851 852 853 854 855 856 857 -1 858 859 860 861 -1 862 863 864 865 -1 866 867 868 869 -1 870 871 872 873 -1 874 875 876 877 -1 878 879 880 881 -1 882 883 884 885 -1 886 887 888 889 -1 890 891 892 893 -1 894 895 896 897 898 -1 899 900 901 902 -1 903 904 905 906 -1 907 908 909 910 -1 911 912 913 914 -1 915 916 917 918 -1 919 920 921 922 -1 923 924 925 926 927 -1 "
						                coordIndex="3 16 19 9 -1 8 18 17 1 -1 9 10 7 3 -1 10 11 5 7 -1 11 8 1 5 -1 2 25 22 20 21 27 28 26 23 24 0 4 6 -1 17 29 34 35 32 33 31 30 16 3 7 5 1 -1 4 0 8 11 -1 4 14 13 6 -1 2 6 10 9 -1 9 19 25 2 -1 0 24 18 8 -1 13 14 15 12 -1 6 13 12 10 -1 10 12 15 11 -1 11 15 14 4 -1 18 24 23 29 17 -1 26 34 29 23 -1 28 35 34 26 -1 27 32 35 28 -1 21 33 32 27 -1 20 31 33 21 -1 30 31 20 22 -1 16 30 22 25 19 -1 39 52 55 45 -1 44 54 53 37 -1 45 46 43 39 -1 46 47 41 43 -1 47 44 37 41 -1 38 61 58 56 57 63 64 62 59 60 36 40 42 -1 53 65 70 71 68 69 67 66 52 39 43 41 37 -1 40 36 44 47 -1 40 50 49 42 -1 38 42 46 45 -1 45 55 61 38 -1 36 60 54 44 -1 49 50 51 48 -1 42 49 48 46 -1 46 48 51 47 -1 47 51 50 40 -1 54 60 59 65 53 -1 62 70 65 59 -1 64 71 70 62 -1 63 68 71 64 -1 57 69 68 63 -1 56 67 69 57 -1 66 67 56 58 -1 52 66 58 61 55 -1 75 88 91 81 -1 80 90 89 73 -1 81 82 79 75 -1 82 83 77 79 -1 83 80 73 77 -1 74 97 94 92 93 99 100 98 95 96 72 76 78 -1 89 101 106 107 104 105 103 102 88 75 79 77 73 -1 76 72 80 83 -1 76 86 85 78 -1 74 78 82 81 -1 81 91 97 74 -1 72 96 90 80 -1 85 86 87 84 -1 78 85 84 82 -1 82 84 87 83 -1 83 87 86 76 -1 90 96 95 101 89 -1 98 106 101 95 -1 100 107 106 98 -1 99 104 107 100 -1 93 105 104 99 -1 92 103 105 93 -1 102 103 92 94 -1 88 102 94 97 91 -1 111 124 127 117 -1 116 126 125 109 -1 117 118 115 111 -1 118 119 113 115 -1 119 116 109 113 -1 110 133 130 128 129 135 136 134 131 132 108 112 114 -1 125 137 142 143 140 141 139 138 124 111 115 113 109 -1 112 108 116 119 -1 112 122 121 114 -1 110 114 118 117 -1 117 127 133 110 -1 108 132 126 116 -1 121 122 123 120 -1 114 121 120 118 -1 118 120 123 119 -1 119 123 122 112 -1 126 132 131 137 125 -1 134 142 137 131 -1 136 143 142 134 -1 135 140 143 136 -1 129 141 140 135 -1 128 139 141 129 -1 138 139 128 130 -1 124 138 130 133 127 -1 147 160 163 153 -1 152 162 161 145 -1 153 154 151 147 -1 154 155 149 151 -1 155 152 145 149 -1 146 169 166 164 165 171 172 170 167 168 144 148 150 -1 161 173 178 179 176 177 175 174 160 147 151 149 145 -1 148 144 152 155 -1 148 158 157 150 -1 146 150 154 153 -1 153 163 169 146 -1 144 168 162 152 -1 157 158 159 156 -1 150 157 156 154 -1 154 156 159 155 -1 155 159 158 148 -1 162 168 167 173 161 -1 170 178 173 167 -1 172 179 178 170 -1 171 176 179 172 -1 165 177 176 171 -1 164 175 177 165 -1 174 175 164 166 -1 160 174 166 169 163 -1 183 196 199 189 -1 188 198 197 181 -1 189 190 187 183 -1 190 191 185 187 -1 191 188 181 185 -1 182 205 202 200 201 207 208 206 203 204 180 184 186 -1 197 209 214 215 212 213 211 210 196 183 187 185 181 -1 184 180 188 191 -1 184 194 193 186 -1 182 186 190 189 -1 189 199 205 182 -1 180 204 198 188 -1 193 194 195 192 -1 186 193 192 190 -1 190 192 195 191 -1 191 195 194 184 -1 198 204 203 209 197 -1 206 214 209 203 -1 208 215 214 206 -1 207 212 215 208 -1 201 213 212 207 -1 200 211 213 201 -1 210 211 200 202 -1 196 210 202 205 199 -1 219 232 235 225 -1 224 234 233 217 -1 225 226 223 219 -1 226 227 221 223 -1 227 224 217 221 -1 218 241 238 236 237 243 244 242 239 240 216 220 222 -1 233 245 250 251 248 249 247 246 232 219 223 221 217 -1 220 216 224 227 -1 220 230 229 222 -1 218 222 226 225 -1 225 235 241 218 -1 216 240 234 224 -1 229 230 231 228 -1 222 229 228 226 -1 226 228 231 227 -1 227 231 230 220 -1 234 240 239 245 233 -1 242 250 245 239 -1 244 251 250 242 -1 243 248 251 244 -1 237 249 248 243 -1 236 247 249 237 -1 246 247 236 238 -1 232 246 238 241 235 -1 255 268 271 261 -1 260 270 269 253 -1 261 262 259 255 -1 262 263 257 259 -1 263 260 253 257 -1 254 277 274 272 273 279 280 278 275 276 252 256 258 -1 269 281 286 287 284 285 283 282 268 255 259 257 253 -1 256 252 260 263 -1 256 266 265 258 -1 254 258 262 261 -1 261 271 277 254 -1 252 276 270 260 -1 265 266 267 264 -1 258 265 264 262 -1 262 264 267 263 -1 263 267 266 256 -1 270 276 275 281 269 -1 278 286 281 275 -1 280 287 286 278 -1 279 284 287 280 -1 273 285 284 279 -1 272 283 285 273 -1 282 283 272 274 -1 268 282 274 277 271 -1 "
						                >
							<Coordinate DEF="coords_ME_Pin_Base_001"
							            point="0.002500 -0.004000 -0.005000 0.002500 -0.004000 0.005000 0.002500 0.004000 -0.005000 0.002500 0.004000 0.005000 -0.002500 -0.004000 -0.005000 -0.002500 -0.004000 0.005000 -0.002500 0.004000 -0.005000 -0.002500 0.004000 0.005000 0.002500 -0.004000 -0.002000 0.002500 0.004000 -0.002000 -0.002500 0.004000 -0.002000 -0.002500 -0.004000 -0.002000 -0.005500 0.004000 -0.002000 -0.005500 0.004000 -0.005000 -0.005500 -0.004000 -0.005000 -0.005500 -0.004000 -0.002000 0.002500 0.002500 0.005000 0.002500 -0.002500 0.005000 0.002500 -0.002500 -0.002000 0.002500 0.002500 -0.002000 0.000732 0.001768 -0.005000 0.000190 0.000957 -0.005000 0.001543 0.002310 -0.005000 0.001543 -0.002310 -0.005000 0.002500 -0.002500 -0.005000 0.002500 0.002500 -0.005000 0.000732 -0.001768 -0.005000 -0.000000 -0.000000 -0.005000 0.000190 -0.000957 -0.005000 0.001543 -0.002310 0.005000 0.001543 0.002310 0.005000 0.000732 0.001768 0.005000 -0.000000 0.000000 0.005000 0.000190 0.000957 0.005000 0.000732 -0.001768 0.005000 0.000190 -0.000957 0.005000 0.002500 -0.016700 -0.005000 0.002500 -0.016700 0.005000 0.002500 -0.008700 -0.005000 0.002500 -0.008700 0.005000 -0.002500 -0.016700 -0.005000 -0.002500 -0.016700 0.005000 -0.002500 -0.008700 -0.005000 -0.002500 -0.008700 0.005000 0.002500 -0.016700 -0.002000 0.002500 -0.008700 -0.002000 -0.002500 -0.008700 -0.002000 -0.002500 -0.016700 -0.002000 -0.005500 -0.008700 -0.002000 -0.005500 -0.008700 -0.005000 -0.005500 -0.016700 -0.005000 -0.005500 -0.016700 -0.002000 0.002500 -0.010200 0.005000 0.002500 -0.015200 0.005000 0.002500 -0.015200 -0.002000 0.002500 -0.010200 -0.002000 0.000732 -0.010932 -0.005000 0.000190 -0.011743 -0.005000 0.001543 -0.010390 -0.005000 0.001543 -0.015010 -0.005000 0.002500 -0.015200 -0.005000 0.002500 -0.010200 -0.005000 0.000732 -0.014468 -0.005000 -0.000000 -0.012700 -0.005000 0.000190 -0.013657 -0.005000 0.001543 -0.015010 0.005000 0.001543 -0.010390 0.005000 0.000732 -0.010932 0.005000 -0.000000 -0.012700 0.005000 0.000190 -0.011743 0.005000 0.000732 -0.014468 0.005000 0.000190 -0.013657 0.005000 0.002500 -0.029400 -0.005000 0.002500 -0.029400 0.005000 0.002500 -0.021400 -0.005000 0.002500 -0.021400 0.005000 -0.002500 -0.029400 -0.005000 -0.002500 -0.029400 0.005000 -0.002500 -0.021400 -0.005000 -0.002500 -0.021400 0.005000 0.002500 -0.029400 -0.002000 0.002500 -0.021400 -0.002000 -0.002500 -0.021400 -0.002000 -0.002500 -0.029400 -0.002000 -0.005500 -0.021400 -0.002000 -0.005500 -0.021400 -0.005000 -0.005500 -0.029400 -0.005000 -0.005500 -0.029400 -0.002000 0.002500 -0.022900 0.005000 0.002500 -0.027900 0.005000 0.002500 -0.027900 -0.002000 0.002500 -0.022900 -0.002000 0.000732 -0.023632 -0.005000 0.000190 -0.024443 -0.005000 0.001543 -0.023090 -0.005000 0.001543 -0.027710 -0.005000 0.002500 -0.027900 -0.005000 0.002500 -0.022900 -0.005000 0.000732 -0.027168 -0.005000 -0.000000 -0.025400 -0.005000 0.000190 -0.026357 -0.005000 0.001543 -0.027710 0.005000 0.001543 -0.023090 0.005000 0.000732 -0.023632 0.005000 -0.000000 -0.025400 0.005000 0.000190 -0.024443 0.005000 0.000732 -0.027168 0.005000 0.000190 -0.026357 0.005000 0.002500 -0.042100 -0.005000 0.002500 -0.042100 0.005000 0.002500 -0.034100 -0.005000 0.002500 -0.034100 0.005000 -0.002500 -0.042100 -0.005000 -0.002500 -0.042100 0.005000 -0.002500 -0.034100 -0.005000 -0.002500 -0.034100 0.005000 0.002500 -0.042100 -0.002000 0.002500 -0.034100 -0.002000 -0.002500 -0.034100 -0.002000 -0.002500 -0.042100 -0.002000 -0.005500 -0.034100 -0.002000 -0.005500 -0.034100 -0.005000 -0.005500 -0.042100 -0.005000 -0.005500 -0.042100 -0.002000 0.002500 -0.035600 0.005000 0.002500 -0.040600 0.005000 0.002500 -0.040600 -0.002000 0.002500 -0.035600 -0.002000 0.000732 -0.036332 -0.005000 0.000190 -0.037143 -0.005000 0.001543 -0.035790 -0.005000 0.001543 -0.040410 -0.005000 0.002500 -0.040600 -0.005000 0.002500 -0.035600 -0.005000 0.000732 -0.039868 -0.005000 -0.000000 -0.038100 -0.005000 0.000190 -0.039057 -0.005000 0.001543 -0.040410 0.005000 0.001543 -0.035790 0.005000 0.000732 -0.036332 0.005000 -0.000000 -0.038100 0.005000 0.000190 -0.037143 0.005000 0.000732 -0.039868 0.005000 0.000190 -0.039057 0.005000 0.002500 -0.054800 -0.005000 0.002500 -0.054800 0.005000 0.002500 -0.046800 -0.005000 0.002500 -0.046800 0.005000 -0.002500 -0.054800 -0.005000 -0.002500 -0.054800 0.005000 -0.002500 -0.046800 -0.005000 -0.002500 -0.046800 0.005000 0.002500 -0.054800 -0.002000 0.002500 -0.046800 -0.002000 -0.002500 -0.046800 -0.002000 -0.002500 -0.054800 -0.002000 -0.005500 -0.046800 -0.002000 -0.005500 -0.046800 -0.005000 -0.005500 -0.054800 -0.005000 -0.005500 -0.054800 -0.002000 0.002500 -0.048300 0.005000 0.002500 -0.053300 0.005000 0.002500 -0.053300 -0.002000 0.002500 -0.048300 -0.002000 0.000732 -0.049032 -0.005000 0.000190 -0.049843 -0.005000 0.001543 -0.048490 -0.005000 0.001543 -0.053110 -0.005000 0.002500 -0.053300 -0.005000 0.002500 -0.048300 -0.005000 0.000732 -0.052568 -0.005000 -0.000000 -0.050800 -0.005000 0.000190 -0.051757 -0.005000 0.001543 -0.053110 0.005000 0.001543 -0.048490 0.005000 0.000732 -0.049032 0.005000 -0.000000 -0.050800 0.005000 0.000190 -0.049843 0.005000 0.000732 -0.052568 0.005000 0.000190 -0.051757 0.005000 0.002500 -0.067500 -0.005000 0.002500 -0.067500 0.005000 0.002500 -0.059500 -0.005000 0.002500 -0.059500 0.005000 -0.002500 -0.067500 -0.005000 -0.002500 -0.067500 0.005000 -0.002500 -0.059500 -0.005000 -0.002500 -0.059500 0.005000 0.002500 -0.067500 -0.002000 0.002500 -0.059500 -0.002000 -0.002500 -0.059500 -0.002000 -0.002500 -0.067500 -0.002000 -0.005500 -0.059500 -0.002000 -0.005500 -0.059500 -0.005000 -0.005500 -0.067500 -0.005000 -0.005500 -0.067500 -0.002000 0.002500 -0.061000 0.005000 0.002500 -0.066000 0.005000 0.002500 -0.066000 -0.002000 0.002500 -0.061000 -0.002000 0.000732 -0.061732 -0.005000 0.000190 -0.062543 -0.005000 0.001543 -0.061190 -0.005000 0.001543 -0.065810 -0.005000 0.002500 -0.066000 -0.005000 0.002500 -0.061000 -0.005000 0.000732 -0.065268 -0.005000 -0.000000 -0.063500 -0.005000 0.000190 -0.064457 -0.005000 0.001543 -0.065810 0.005000 0.001543 -0.061190 0.005000 0.000732 -0.061732 0.005000 -0.000000 -0.063500 0.005000 0.000190 -0.062543 0.005000 0.000732 -0.065268 0.005000 0.000190 -0.064457 0.005000 0.002500 -0.080200 -0.005000 0.002500 -0.080200 0.005000 0.002500 -0.072200 -0.005000 0.002500 -0.072200 0.005000 -0.002500 -0.080200 -0.005000 -0.002500 -0.080200 0.005000 -0.002500 -0.072200 -0.005000 -0.002500 -0.072200 0.005000 0.002500 -0.080200 -0.002000 0.002500 -0.072200 -0.002000 -0.002500 -0.072200 -0.002000 -0.002500 -0.080200 -0.002000 -0.005500 -0.072200 -0.002000 -0.005500 -0.072200 -0.005000 -0.005500 -0.080200 -0.005000 -0.005500 -0.080200 -0.002000 0.002500 -0.073700 0.005000 0.002500 -0.078700 0.005000 0.002500 -0.078700 -0.002000 0.002500 -0.073700 -0.002000 0.000732 -0.074432 -0.005000 0.000190 -0.075243 -0.005000 0.001543 -0.073890 -0.005000 0.001543 -0.078510 -0.005000 0.002500 -0.078700 -0.005000 0.002500 -0.073700 -0.005000 0.000732 -0.077968 -0.005000 -0.000000 -0.076200 -0.005000 0.000190 -0.077157 -0.005000 0.001543 -0.078510 0.005000 0.001543 -0.073890 0.005000 0.000732 -0.074432 0.005000 -0.000000 -0.076200 0.005000 0.000190 -0.075243 0.005000 0.000732 -0.077968 0.005000 0.000190 -0.077157 0.005000 0.002500 -0.092900 -0.005000 0.002500 -0.092900 0.005000 0.002500 -0.084900 -0.005000 0.002500 -0.084900 0.005000 -0.002500 -0.092900 -0.005000 -0.002500 -0.092900 0.005000 -0.002500 -0.084900 -0.005000 -0.002500 -0.084900 0.005000 0.002500 -0.092900 -0.002000 0.002500 -0.084900 -0.002000 -0.002500 -0.084900 -0.002000 -0.002500 -0.092900 -0.002000 -0.005500 -0.084900 -0.002000 -0.005500 -0.084900 -0.005000 -0.005500 -0.092900 -0.005000 -0.005500 -0.092900 -0.002000 0.002500 -0.086400 0.005000 0.002500 -0.091400 0.005000 0.002500 -0.091400 -0.002000 0.002500 -0.086400 -0.002000 0.000732 -0.087132 -0.005000 0.000190 -0.087943 -0.005000 0.001543 -0.086590 -0.005000 0.001543 -0.091210 -0.005000 0.002500 -0.091400 -0.005000 0.002500 -0.086400 -0.005000 0.000732 -0.090668 -0.005000 -0.000000 -0.088900 -0.005000 0.000190 -0.089857 -0.005000 0.001543 -0.091210 0.005000 0.001543 -0.086590 0.005000 0.000732 -0.087132 0.005000 -0.000000 -0.088900 0.005000 0.000190 -0.087943 0.005000 0.000732 -0.090668 0.005000 0.000190 -0.089857 0.005000 "
							            />
							<Normal DEF="normals_ME_Pin_Base_001"
							        vector="0.577351 -0.577349 -0.577350 0.577351 -0.577349 0.577350 0.577351 0.577349 -0.577350 0.577351 0.577350 0.577350 0.000000 -0.707107 -0.707107 -0.577350 -0.577350 0.577350 0.000000 0.707107 -0.707107 -0.577350 0.577350 0.577350 0.707108 -0.707106 -0.000000 0.707108 0.707106 -0.000000 -0.301511 0.904534 0.301511 -0.301511 -0.904534 0.301511 -0.577350 0.577350 0.577350 -0.577350 0.577350 -0.577350 -0.577350 -0.577350 -0.577350 -0.577350 -0.577350 0.577350 0.625042 -0.512960 0.588382 0.625042 0.512960 0.588383 0.773009 0.634395 -0.000000 0.773010 -0.634394 -0.000000 0.527642 -0.527642 -0.665723 0.689398 -0.285558 -0.665723 0.285558 -0.689398 -0.665723 0.285558 0.689398 -0.665723 0.625042 0.512960 -0.588383 0.625042 -0.512960 -0.588383 0.527642 0.527642 -0.665723 0.746199 0.000000 -0.665723 0.689398 0.285558 -0.665723 0.285558 0.689398 0.665723 0.285558 -0.689398 0.665723 0.527642 -0.527642 0.665723 0.746199 -0.000000 0.665723 0.689398 -0.285558 0.665723 0.527642 0.527642 0.665723 0.689398 0.285558 0.665723 0.577351 -0.577349 -0.577350 0.577351 -0.577349 0.577350 0.577351 0.577349 -0.577350 0.577351 0.577350 0.577350 -0.000000 -0.707107 -0.707107 -0.577350 -0.577350 0.577350 -0.000000 0.707107 -0.707107 -0.577350 0.577350 0.577350 0.707108 -0.707106 0.000000 0.707108 0.707106 -0.000000 -0.301511 0.904534 0.301511 -0.301511 -0.904534 0.301511 -0.577350 0.577350 0.577350 -0.577350 0.577350 -0.577350 -0.577350 -0.577350 -0.577350 -0.577350 -0.577350 0.577350 0.625042 -0.512960 0.588382 0.625042 0.512960 0.588383 0.773009 0.634395 0.000000 0.773010 -0.634394 -0.000000 0.527642 -0.527642 -0.665723 0.689398 -0.285558 -0.665723 0.285558 -0.689398 -0.665723 0.285558 0.689398 -0.665723 0.625042 0.512960 -0.588383 0.625041 -0.512960 -0.588383 0.527642 0.527642 -0.665723 0.746199 0.000000 -0.665723 0.689398 0.285558 -0.665723 0.285558 0.689398 0.665723 0.285558 -0.689398 0.665723 0.527642 -0.527642 0.665723 0.746199 0.000000 0.665723 0.689398 -0.285558 0.665723 0.527642 0.527642 0.665723 0.689398 0.285558 0.665723 0.577351 -0.577349 -0.577350 0.577351 -0.577349 0.577350 0.577351 0.577349 -0.577350 0.577351 0.577350 0.577350 0.000000 -0.707107 -0.707107 -0.577350 -0.577350 0.577350 0.000000 0.707107 -0.707107 -0.577350 0.577350 0.577350 0.707108 -0.707106 0.000000 0.707108 0.707106 -0.000000 -0.301511 0.904534 0.301511 -0.301511 -0.904534 0.301511 -0.577350 0.577350 0.577350 -0.577350 0.577350 -0.577350 -0.577350 -0.577350 -0.577350 -0.577350 -0.577350 0.577350 0.625042 -0.512960 0.588382 0.625042 0.512960 0.588383 0.773009 0.634395 0.000000 0.773010 -0.634394 -0.000000 0.527642 -0.527642 -0.665723 0.689398 -0.285558 -0.665723 0.285558 -0.689398 -0.665723 0.285558 0.689398 -0.665723 0.625042 0.512960 -0.588383 0.625042 -0.512960 -0.588383 0.527642 0.527642 -0.665723 0.746199 0.000000 -0.665723 0.689398 0.285558 -0.665723 0.285558 0.689398 0.665723 0.285558 -0.689398 0.665723 0.527642 -0.527642 0.665723 0.746199 0.000000 0.665723 0.689398 -0.285558 0.665723 0.527642 0.527642 0.665723 0.689398 0.285558 0.665723 0.577351 -0.577349 -0.577350 0.577351 -0.577349 0.577350 0.577351 0.577349 -0.577350 0.577351 0.577350 0.577350 0.000000 -0.707107 -0.707107 -0.577350 -0.577350 0.577350 0.000000 0.707107 -0.707107 -0.577350 0.577350 0.577350 0.707108 -0.707106 0.000000 0.707108 0.707106 -0.000000 -0.301511 0.904534 0.301511 -0.301511 -0.904534 0.301511 -0.577350 0.577350 0.577350 -0.577350 0.577350 -0.577350 -0.577350 -0.577350 -0.577350 -0.577350 -0.577350 0.577350 0.625043 -0.512959 0.588382 0.625042 0.512960 0.588383 0.773010 0.634394 0.000000 0.773010 -0.634394 -0.000000 0.527642 -0.527643 -0.665723 0.689398 -0.285558 -0.665723 0.285558 -0.689397 -0.665724 0.285558 0.689397 -0.665724 0.625042 0.512960 -0.588383 0.625042 -0.512960 -0.588383 0.527642 0.527643 -0.665723 0.746199 0.000000 -0.665723 0.689398 0.285558 -0.665723 0.285558 0.689397 0.665724 0.285558 -0.689398 0.665723 0.527642 -0.527643 0.665723 0.746199 0.000000 0.665723 0.689398 -0.285558 0.665723 0.527642 0.527643 0.665723 0.689398 0.285558 0.665723 0.577351 -0.577349 -0.577350 0.577351 -0.577349 0.577350 0.577351 0.577349 -0.577350 0.577351 0.577350 0.577350 0.000000 -0.707107 -0.707107 -0.577350 -0.577350 0.577350 0.000000 0.707107 -0.707107 -0.577350 0.577350 0.577350 0.707108 -0.707106 0.000000 0.707108 0.707106 -0.000000 -0.301511 0.904534 0.301511 -0.301511 -0.904534 0.301511 -0.577350 0.577350 0.577350 -0.577350 0.577350 -0.577350 -0.577350 -0.577350 -0.577350 -0.577350 -0.577350 0.577350 0.625043 -0.512959 0.588383 0.625042 0.512960 0.588383 0.773010 0.634394 0.000000 0.773010 -0.634394 -0.000000 0.527642 -0.527643 -0.665723 0.689398 -0.285558 -0.665723 0.285558 -0.689398 -0.665724 0.285558 0.689397 -0.665724 0.625042 0.512960 -0.588383 0.625042 -0.512960 -0.588383 0.527642 0.527643 -0.665723 0.746199 0.000000 -0.665723 0.689398 0.285558 -0.665723 0.285558 0.689397 0.665724 0.285558 -0.689398 0.665723 0.527642 -0.527643 0.665723 0.746199 0.000000 0.665723 0.689398 -0.285558 0.665723 0.527642 0.527643 0.665723 0.689398 0.285558 0.665723 0.577351 -0.577349 -0.577350 0.577351 -0.577349 0.577350 0.577351 0.577349 -0.577350 0.577351 0.577350 0.577350 0.000000 -0.707107 -0.707107 -0.577350 -0.577350 0.577350 0.000000 0.707107 -0.707107 -0.577350 0.577350 0.577350 0.707108 -0.707106 0.000000 0.707108 0.707106 -0.000000 -0.301511 0.904534 0.301511 -0.301511 -0.904534 0.301511 -0.577350 0.577350 0.577350 -0.577350 0.577350 -0.577350 -0.577350 -0.577350 -0.577350 -0.577350 -0.577350 0.577350 0.625043 -0.512959 0.588383 0.625042 0.512960 0.588383 0.773010 0.634394 0.000000 0.773010 -0.634394 -0.000000 0.527642 -0.527643 -0.665723 0.689398 -0.285558 -0.665723 0.285558 -0.689398 -0.665724 0.285559 0.689397 -0.665723 0.625042 0.512960 -0.588383 0.625042 -0.512960 -0.588383 0.527642 0.527642 -0.665723 0.746199 0.000000 -0.665723 0.689398 0.285558 -0.665723 0.285559 0.689397 0.665723 0.285558 -0.689398 0.665723 0.527642 -0.527643 0.665723 0.746199 0.000000 0.665723 0.689398 -0.285558 0.665723 0.527642 0.527642 0.665723 0.689398 0.285558 0.665723 0.577351 -0.577349 -0.577350 0.577351 -0.577349 0.577350 0.577351 0.577349 -0.577350 0.577351 0.577350 0.577350 0.000000 -0.707107 -0.707107 -0.577350 -0.577350 0.577350 0.000000 0.707107 -0.707107 -0.577350 0.577350 0.577350 0.707108 -0.707106 0.000000 0.707108 0.707106 -0.000000 -0.301511 0.904534 0.301511 -0.301511 -0.904534 0.301511 -0.577350 0.577350 0.577350 -0.577350 0.577350 -0.577350 -0.577350 -0.577350 -0.577350 -0.577350 -0.577350 0.577350 0.625043 -0.512959 0.588383 0.625042 0.512960 0.588383 0.773010 0.634394 0.000000 0.773010 -0.634394 -0.000000 0.527642 -0.527642 -0.665723 0.689398 -0.285558 -0.665723 0.285559 -0.689397 -0.665723 0.285559 0.689397 -0.665723 0.625042 0.512960 -0.588383 0.625042 -0.512960 -0.588383 0.527642 0.527642 -0.665723 0.746199 0.000000 -0.665723 0.689398 0.285558 -0.665723 0.285559 0.689397 0.665723 0.285559 -0.689397 0.665723 0.527642 -0.527642 0.665723 0.746199 0.000000 0.665723 0.689398 -0.285558 0.665723 0.527642 0.527642 0.665723 0.689398 0.285558 0.665723 0.577351 -0.577349 -0.577350 0.577351 -0.577349 0.577350 0.577351 0.577349 -0.577350 0.577351 0.577350 0.577350 0.000000 -0.707107 -0.707107 -0.577350 -0.577350 0.577350 0.000000 0.707107 -0.707107 -0.577350 0.577350 0.577350 0.707108 -0.707106 0.000000 0.707108 0.707106 -0.000000 -0.301511 0.904534 0.301511 -0.301511 -0.904534 0.301511 -0.577350 0.577350 0.577350 -0.577350 0.577350 -0.577350 -0.577350 -0.577350 -0.577350 -0.577350 -0.577350 0.577350 0.625043 -0.512959 0.588383 0.625042 0.512960 0.588383 0.773010 0.634394 0.000000 0.773010 -0.634394 -0.000000 0.527642 -0.527642 -0.665723 0.689398 -0.285558 -0.665723 0.285559 -0.689397 -0.665723 0.285559 0.689397 -0.665723 0.625042 0.512960 -0.588383 0.625042 -0.512960 -0.588383 0.527642 0.527642 -0.665723 0.746199 0.000000 -0.665723 0.689398 0.285558 -0.665723 0.285559 0.689397 0.665723 0.285559 -0.689397 0.665723 0.527642 -0.527642 0.665723 0.746199 0.000000 0.665723 0.689398 -0.285558 0.665723 0.527642 0.527642 0.665723 0.689398 0.285558 0.665723 "
							        />
							<TextureCoordinate point="0.6250 0.2500 0.6250 0.2031 0.5000 0.2031 0.5000 0.2500 0.5000 0.0000 0.5000 0.0469 0.6250 0.0469 0.6250 0.0000 0.5000 0.2500 0.5000 0.5000 0.6250 0.5000 0.6250 0.2500 0.5000 0.5000 0.5000 0.7500 0.6250 0.7500 0.6250 0.5000 0.5000 0.7500 0.5000 1.0000 0.6250 1.0000 0.6250 0.7500 0.1250 0.5000 0.1250 0.5469 0.1728 0.5528 0.2134 0.5698 0.2405 0.5951 0.2500 0.6250 0.2405 0.6549 0.2134 0.6802 0.1728 0.6972 0.1250 0.7031 0.1250 0.7500 0.3750 0.7500 0.3750 0.5000 0.8750 0.7031 0.8272 0.6972 0.7866 0.6802 0.7595 0.6549 0.7500 0.6250 0.7595 0.5951 0.7866 0.5698 0.8272 0.5528 0.8750 0.5469 0.8750 0.5000 0.6250 0.5000 0.6250 0.7500 0.8750 0.7500 0.3750 0.7500 0.3750 1.0000 0.5000 1.0000 0.5000 0.7500 0.3750 0.7500 0.3750 0.7500 0.3750 0.5000 0.3750 0.5000 0.3750 0.2500 0.3750 0.5000 0.5000 0.5000 0.5000 0.2500 0.5000 0.2500 0.5000 0.2031 0.3750 0.2031 0.3750 0.2500 0.3750 0.0000 0.3750 0.0469 0.5000 0.0469 0.5000 0.0000 0.3750 0.5000 0.3750 0.7500 0.5000 0.7500 0.5000 0.5000 0.3750 0.5000 0.3750 0.5000 0.5000 0.5000 0.5000 0.5000 0.5000 0.5000 0.5000 0.5000 0.5000 0.7500 0.5000 0.7500 0.5000 0.7500 0.5000 0.7500 0.3750 0.7500 0.3750 0.7500 1.0000 0.8480 1.0000 0.9951 0.9375 0.9951 0.9375 0.5049 1.0000 0.5049 0.8750 0.9951 0.8750 0.5049 0.9375 0.5049 0.9375 0.9951 0.8125 0.9951 0.8125 0.5049 0.8750 0.5049 0.8750 0.9951 0.7500 0.9951 0.7500 0.5049 0.8125 0.5049 0.8125 0.9951 0.6875 0.9951 0.6875 0.5049 0.7500 0.5049 0.7500 0.9951 0.6250 0.9951 0.6250 0.5049 0.6875 0.5049 0.6875 0.9951 0.5625 0.5049 0.6250 0.5049 0.6250 0.9951 0.5625 0.9951 0.5000 0.5049 0.5625 0.5049 0.5625 0.9951 0.5000 0.9951 0.5000 0.8480 0.6250 0.2500 0.6250 0.2031 0.5000 0.2031 0.5000 0.2500 0.5000 0.0000 0.5000 0.0469 0.6250 0.0469 0.6250 0.0000 0.5000 0.2500 0.5000 0.5000 0.6250 0.5000 0.6250 0.2500 0.5000 0.5000 0.5000 0.7500 0.6250 0.7500 0.6250 0.5000 0.5000 0.7500 0.5000 1.0000 0.6250 1.0000 0.6250 0.7500 0.1250 0.5000 0.1250 0.5469 0.1728 0.5528 0.2134 0.5698 0.2405 0.5951 0.2500 0.6250 0.2405 0.6549 0.2134 0.6802 0.1728 0.6972 0.1250 0.7031 0.1250 0.7500 0.3750 0.7500 0.3750 0.5000 0.8750 0.7031 0.8272 0.6972 0.7866 0.6802 0.7595 0.6549 0.7500 0.6250 0.7595 0.5951 0.7866 0.5698 0.8272 0.5528 0.8750 0.5469 0.8750 0.5000 0.6250 0.5000 0.6250 0.7500 0.8750 0.7500 0.3750 0.7500 0.3750 1.0000 0.5000 1.0000 0.5000 0.7500 0.3750 0.7500 0.3750 0.7500 0.3750 0.5000 0.3750 0.5000 0.3750 0.2500 0.3750 0.5000 0.5000 0.5000 0.5000 0.2500 0.5000 0.2500 0.5000 0.2031 0.3750 0.2031 0.3750 0.2500 0.3750 0.0000 0.3750 0.0469 0.5000 0.0469 0.5000 0.0000 0.3750 0.5000 0.3750 0.7500 0.5000 0.7500 0.5000 0.5000 0.3750 0.5000 0.3750 0.5000 0.5000 0.5000 0.5000 0.5000 0.5000 0.5000 0.5000 0.5000 0.5000 0.7500 0.5000 0.7500 0.5000 0.7500 0.5000 0.7500 0.3750 0.7500 0.3750 0.7500 1.0000 0.8480 1.0000 0.9951 0.9375 0.9951 0.9375 0.5049 1.0000 0.5049 0.8750 0.9951 0.8750 0.5049 0.9375 0.5049 0.9375 0.9951 0.8125 0.9951 0.8125 0.5049 0.8750 0.5049 0.8750 0.9951 0.7500 0.9951 0.7500 0.5049 0.8125 0.5049 0.8125 0.9951 0.6875 0.9951 0.6875 0.5049 0.7500 0.5049 0.7500 0.9951 0.6250 0.9951 0.6250 0.5049 0.6875 0.5049 0.6875 0.9951 0.5625 0.5049 0.6250 0.5049 0.6250 0.9951 0.5625 0.9951 0.5000 0.5049 0.5625 0.5049 0.5625 0.9951 0.5000 0.9951 0.5000 0.8480 0.6250 0.2500 0.6250 0.2031 0.5000 0.2031 0.5000 0.2500 0.5000 0.0000 0.5000 0.0469 0.6250 0.0469 0.6250 0.0000 0.5000 0.2500 0.5000 0.5000 0.6250 0.5000 0.6250 0.2500 0.5000 0.5000 0.5000 0.7500 0.6250 0.7500 0.6250 0.5000 0.5000 0.7500 0.5000 1.0000 0.6250 1.0000 0.6250 0.7500 0.1250 0.5000 0.1250 0.5469 0.1728 0.5528 0.2134 0.5698 0.2405 0.5951 0.2500 0.6250 0.2405 0.6549 0.2134 0.6802 0.1728 0.6972 0.1250 0.7031 0.1250 0.7500 0.3750 0.7500 0.3750 0.5000 0.8750 0.7031 0.8272 0.6972 0.7866 0.6802 0.7595 0.6549 0.7500 0.6250 0.7595 0.5951 0.7866 0.5698 0.8272 0.5528 0.8750 0.5469 0.8750 0.5000 0.6250 0.5000 0.6250 0.7500 0.8750 0.7500 0.3750 0.7500 0.3750 1.0000 0.5000 1.0000 0.5000 0.7500 0.3750 0.7500 0.3750 0.7500 0.3750 0.5000 0.3750 0.5000 0.3750 0.2500 0.3750 0.5000 0.5000 0.5000 0.5000 0.2500 0.5000 0.2500 0.5000 0.2031 0.3750 0.2031 0.3750 0.2500 0.3750 0.0000 0.3750 0.0469 0.5000 0.0469 0.5000 0.0000 0.3750 0.5000 0.3750 0.7500 0.5000 0.7500 0.5000 0.5000 0.3750 0.5000 0.3750 0.5000 0.5000 0.5000 0.5000 0.5000 0.5000 0.5000 0.5000 0.5000 0.5000 0.7500 0.5000 0.7500 0.5000 0.7500 0.5000 0.7500 0.3750 0.7500 0.3750 0.7500 1.0000 0.8480 1.0000 0.9951 0.9375 0.9951 0.9375 0.5049 1.0000 0.5049 0.8750 0.9951 0.8750 0.5049 0.9375 0.5049 0.9375 0.9951 0.8125 0.9951 0.8125 0.5049 0.8750 0.5049 0.8750 0.9951 0.7500 0.9951 0.7500 0.5049 0.8125 0.5049 0.8125 0.9951 0.6875 0.9951 0.6875 0.5049 0.7500 0.5049 0.7500 0.9951 0.6250 0.9951 0.6250 0.5049 0.6875 0.5049 0.6875 0.9951 0.5625 0.5049 0.6250 0.5049 0.6250 0.9951 0.5625 0.9951 0.5000 0.5049 0.5625 0.5049 0.5625 0.9951 0.5000 0.9951 0.5000 0.8480 0.6250 0.2500 0.6250 0.2031 0.5000 0.2031 0.5000 0.2500 0.5000 0.0000 0.5000 0.0469 0.6250 0.0469 0.6250 0.0000 0.5000 0.2500 0.5000 0.5000 0.6250 0.5000 0.6250 0.2500 0.5000 0.5000 0.5000 0.7500 0.6250 0.7500 0.6250 0.5000 0.5000 0.7500 0.5000 1.0000 0.6250 1.0000 0.6250 0.7500 0.1250 0.5000 0.1250 0.5469 0.1728 0.5528 0.2134 0.5698 0.2405 0.5951 0.2500 0.6250 0.2405 0.6549 0.2134 0.6802 0.1728 0.6972 0.1250 0.7031 0.1250 0.7500 0.3750 0.7500 0.3750 0.5000 0.8750 0.7031 0.8272 0.6972 0.7866 0.6802 0.7595 0.6549 0.7500 0.6250 0.7595 0.5951 0.7866 0.5698 0.8272 0.5528 0.8750 0.5469 0.8750 0.5000 0.6250 0.5000 0.6250 0.7500 0.8750 0.7500 0.3750 0.7500 0.3750 1.0000 0.5000 1.0000 0.5000 0.7500 0.3750 0.7500 0.3750 0.7500 0.3750 0.5000 0.3750 0.5000 0.3750 0.2500 0.3750 0.5000 0.5000 0.5000 0.5000 0.2500 0.5000 0.2500 0.5000 0.2031 0.3750 0.2031 0.3750 0.2500 0.3750 0.0000 0.3750 0.0469 0.5000 0.0469 0.5000 0.0000 0.3750 0.5000 0.3750 0.7500 0.5000 0.7500 0.5000 0.5000 0.3750 0.5000 0.3750 0.5000 0.5000 0.5000 0.5000 0.5000 0.5000 0.5000 0.5000 0.5000 0.5000 0.7500 0.5000 0.7500 0.5000 0.7500 0.5000 0.7500 0.3750 0.7500 0.3750 0.7500 1.0000 0.8480 1.0000 0.9951 0.9375 0.9951 0.9375 0.5049 1.0000 0.5049 0.8750 0.9951 0.8750 0.5049 0.9375 0.5049 0.9375 0.9951 0.8125 0.9951 0.8125 0.5049 0.8750 0.5049 0.8750 0.9951 0.7500 0.9951 0.7500 0.5049 0.8125 0.5049 0.8125 0.9951 0.6875 0.9951 0.6875 0.5049 0.7500 0.5049 0.7500 0.9951 0.6250 0.9951 0.6250 0.5049 0.6875 0.5049 0.6875 0.9951 0.5625 0.5049 0.6250 0.5049 0.6250 0.9951 0.5625 0.9951 0.5000 0.5049 0.5625 0.5049 0.5625 0.9951 0.5000 0.9951 0.5000 0.8480 0.6250 0.2500 0.6250 0.2031 0.5000 0.2031 0.5000 0.2500 0.5000 0.0000 0.5000 0.0469 0.6250 0.0469 0.6250 0.0000 0.5000 0.2500 0.5000 0.5000 0.6250 0.5000 0.6250 0.2500 0.5000 0.5000 0.5000 0.7500 0.6250 0.7500 0.6250 0.5000 0.5000 0.7500 0.5000 1.0000 0.6250 1.0000 0.6250 0.7500 0.1250 0.5000 0.1250 0.5469 0.1728 0.5528 0.2134 0.5698 0.2405 0.5951 0.2500 0.6250 0.2405 0.6549 0.2134 0.6802 0.1728 0.6972 0.1250 0.7031 0.1250 0.7500 0.3750 0.7500 0.3750 0.5000 0.8750 0.7031 0.8272 0.6972 0.7866 0.6802 0.7595 0.6549 0.7500 0.6250 0.7595 0.5951 0.7866 0.5698 0.8272 0.5528 0.8750 0.5469 0.8750 0.5000 0.6250 0.5000 0.6250 0.7500 0.8750 0.7500 0.3750 0.7500 0.3750 1.0000 0.5000 1.0000 0.5000 0.7500 0.3750 0.7500 0.3750 0.7500 0.3750 0.5000 0.3750 0.5000 0.3750 0.2500 0.3750 0.5000 0.5000 0.5000 0.5000 0.2500 0.5000 0.2500 0.5000 0.2031 0.3750 0.2031 0.3750 0.2500 0.3750 0.0000 0.3750 0.0469 0.5000 0.0469 0.5000 0.0000 0.3750 0.5000 0.3750 0.7500 0.5000 0.7500 0.5000 0.5000 0.3750 0.5000 0.3750 0.5000 0.5000 0.5000 0.5000 0.5000 0.5000 0.5000 0.5000 0.5000 0.5000 0.7500 0.5000 0.7500 0.5000 0.7500 0.5000 0.7500 0.3750 0.7500 0.3750 0.7500 1.0000 0.8480 1.0000 0.9951 0.9375 0.9951 0.9375 0.5049 1.0000 0.5049 0.8750 0.9951 0.8750 0.5049 0.9375 0.5049 0.9375 0.9951 0.8125 0.9951 0.8125 0.5049 0.8750 0.5049 0.8750 0.9951 0.7500 0.9951 0.7500 0.5049 0.8125 0.5049 0.8125 0.9951 0.6875 0.9951 0.6875 0.5049 0.7500 0.5049 0.7500 0.9951 0.6250 0.9951 0.6250 0.5049 0.6875 0.5049 0.6875 0.9951 0.5625 0.5049 0.6250 0.5049 0.6250 0.9951 0.5625 0.9951 0.5000 0.5049 0.5625 0.5049 0.5625 0.9951 0.5000 0.9951 0.5000 0.8480 0.6250 0.2500 0.6250 0.2031 0.5000 0.2031 0.5000 0.2500 0.5000 0.0000 0.5000 0.0469 0.6250 0.0469 0.6250 0.0000 0.5000 0.2500 0.5000 0.5000 0.6250 0.5000 0.6250 0.2500 0.5000 0.5000 0.5000 0.7500 0.6250 0.7500 0.6250 0.5000 0.5000 0.7500 0.5000 1.0000 0.6250 1.0000 0.6250 0.7500 0.1250 0.5000 0.1250 0.5469 0.1728 0.5528 0.2134 0.5698 0.2405 0.5951 0.2500 0.6250 0.2405 0.6549 0.2134 0.6802 0.1728 0.6972 0.1250 0.7031 0.1250 0.7500 0.3750 0.7500 0.3750 0.5000 0.8750 0.7031 0.8272 0.6972 0.7866 0.6802 0.7595 0.6549 0.7500 0.6250 0.7595 0.5951 0.7866 0.5698 0.8272 0.5528 0.8750 0.5469 0.8750 0.5000 0.6250 0.5000 0.6250 0.7500 0.8750 0.7500 0.3750 0.7500 0.3750 1.0000 0.5000 1.0000 0.5000 0.7500 0.3750 0.7500 0.3750 0.7500 0.3750 0.5000 0.3750 0.5000 0.3750 0.2500 0.3750 0.5000 0.5000 0.5000 0.5000 0.2500 0.5000 0.2500 0.5000 0.2031 0.3750 0.2031 0.3750 0.2500 0.3750 0.0000 0.3750 0.0469 0.5000 0.0469 0.5000 0.0000 0.3750 0.5000 0.3750 0.7500 0.5000 0.7500 0.5000 0.5000 0.3750 0.5000 0.3750 0.5000 0.5000 0.5000 0.5000 0.5000 0.5000 0.5000 0.5000 0.5000 0.5000 0.7500 0.5000 0.7500 0.5000 0.7500 0.5000 0.7500 0.3750 0.7500 0.3750 0.7500 1.0000 0.8480 1.0000 0.9951 0.9375 0.9951 0.9375 0.5049 1.0000 0.5049 0.8750 0.9951 0.8750 0.5049 0.9375 0.5049 0.9375 0.9951 0.8125 0.9951 0.8125 0.5049 0.8750 0.5049 0.8750 0.9951 0.7500 0.9951 0.7500 0.5049 0.8125 0.5049 0.8125 0.9951 0.6875 0.9951 0.6875 0.5049 0.7500 0.5049 0.7500 0.9951 0.6250 0.9951 0.6250 0.5049 0.6875 0.5049 0.6875 0.9951 0.5625 0.5049 0.6250 0.5049 0.6250 0.9951 0.5625 0.9951 0.5000 0.5049 0.5625 0.5049 0.5625 0.9951 0.5000 0.9951 0.5000 0.8480 0.6250 0.2500 0.6250 0.2031 0.5000 0.2031 0.5000 0.2500 0.5000 0.0000 0.5000 0.0469 0.6250 0.0469 0.6250 0.0000 0.5000 0.2500 0.5000 0.5000 0.6250 0.5000 0.6250 0.2500 0.5000 0.5000 0.5000 0.7500 0.6250 0.7500 0.6250 0.5000 0.5000 0.7500 0.5000 1.0000 0.6250 1.0000 0.6250 0.7500 0.1250 0.5000 0.1250 0.5469 0.1728 0.5528 0.2134 0.5698 0.2405 0.5951 0.2500 0.6250 0.2405 0.6549 0.2134 0.6802 0.1728 0.6972 0.1250 0.7031 0.1250 0.7500 0.3750 0.7500 0.3750 0.5000 0.8750 0.7031 0.8272 0.6972 0.7866 0.6802 0.7595 0.6549 0.7500 0.6250 0.7595 0.5951 0.7866 0.5698 0.8272 0.5528 0.8750 0.5469 0.8750 0.5000 0.6250 0.5000 0.6250 0.7500 0.8750 0.7500 0.3750 0.7500 0.3750 1.0000 0.5000 1.0000 0.5000 0.7500 0.3750 0.7500 0.3750 0.7500 0.3750 0.5000 0.3750 0.5000 0.3750 0.2500 0.3750 0.5000 0.5000 0.5000 0.5000 0.2500 0.5000 0.2500 0.5000 0.2031 0.3750 0.2031 0.3750 0.2500 0.3750 0.0000 0.3750 0.0469 0.5000 0.0469 0.5000 0.0000 0.3750 0.5000 0.3750 0.7500 0.5000 0.7500 0.5000 0.5000 0.3750 0.5000 0.3750 0.5000 0.5000 0.5000 0.5000 0.5000 0.5000 0.5000 0.5000 0.5000 0.5000 0.7500 0.5000 0.7500 0.5000 0.7500 0.5000 0.7500 0.3750 0.7500 0.3750 0.7500 1.0000 0.8480 1.0000 0.9951 0.9375 0.9951 0.9375 0.5049 1.0000 0.5049 0.8750 0.9951 0.8750 0.5049 0.9375 0.5049 0.9375 0.9951 0.8125 0.9951 0.8125 0.5049 0.8750 0.5049 0.8750 0.9951 0.7500 0.9951 0.7500 0.5049 0.8125 0.5049 0.8125 0.9951 0.6875 0.9951 0.6875 0.5049 0.7500 0.5049 0.7500 0.9951 0.6250 0.9951 0.6250 0.5049 0.6875 0.5049 0.6875 0.9951 0.5625 0.5049 0.6250 0.5049 0.6250 0.9951 0.5625 0.9951 0.5000 0.5049 0.5625 0.5049 0.5625 0.9951 0.5000 0.9951 0.5000 0.8480 0.6250 0.2500 0.6250 0.2031 0.5000 0.2031 0.5000 0.2500 0.5000 0.0000 0.5000 0.0469 0.6250 0.0469 0.6250 0.0000 0.5000 0.2500 0.5000 0.5000 0.6250 0.5000 0.6250 0.2500 0.5000 0.5000 0.5000 0.7500 0.6250 0.7500 0.6250 0.5000 0.5000 0.7500 0.5000 1.0000 0.6250 1.0000 0.6250 0.7500 0.1250 0.5000 0.1250 0.5469 0.1728 0.5528 0.2134 0.5698 0.2405 0.5951 0.2500 0.6250 0.2405 0.6549 0.2134 0.6802 0.1728 0.6972 0.1250 0.7031 0.1250 0.7500 0.3750 0.7500 0.3750 0.5000 0.8750 0.7031 0.8272 0.6972 0.7866 0.6802 0.7595 0.6549 0.7500 0.6250 0.7595 0.5951 0.7866 0.5698 0.8272 0.5528 0.8750 0.5469 0.8750 0.5000 0.6250 0.5000 0.6250 0.7500 0.8750 0.7500 0.3750 0.7500 0.3750 1.0000 0.5000 1.0000 0.5000 0.7500 0.3750 0.7500 0.3750 0.7500 0.3750 0.5000 0.3750 0.5000 0.3750 0.2500 0.3750 0.5000 0.5000 0.5000 0.5000 0.2500 0.5000 0.2500 0.5000 0.2031 0.3750 0.2031 0.3750 0.2500 0.3750 0.0000 0.3750 0.0469 0.5000 0.0469 0.5000 0.0000 0.3750 0.5000 0.3750 0.7500 0.5000 0.7500 0.5000 0.5000 0.3750 0.5000 0.3750 0.5000 0.5000 0.5000 0.5000 0.5000 0.5000 0.5000 0.5000 0.5000 0.5000 0.7500 0.5000 0.7500 0.5000 0.7500 0.5000 0.7500 0.3750 0.7500 0.3750 0.7500 1.0000 0.8480 1.0000 0.9951 0.9375 0.9951 0.9375 0.5049 1.0000 0.5049 0.8750 0.9951 0.8750 0.5049 0.9375 0.5049 0.9375 0.9951 0.8125 0.9951 0.8125 0.5049 0.8750 0.5049 0.8750 0.9951 0.7500 0.9951 0.7500 0.5049 0.8125 0.5049 0.8125 0.9951 0.6875 0.9951 0.6875 0.5049 0.7500 0.5049 0.7500 0.9951 0.6250 0.9951 0.6250 0.5049 0.6875 0.5049 0.6875 0.9951 0.5625 0.5049 0.6250 0.5049 0.6250 0.9951 0.5625 0.9951 0.5000 0.5049 0.5625 0.5049 0.5625 0.9951 0.5000 0.9951 0.5000 0.8480 " />
						</IndexedFaceSet>
					</Shape>
				</Group>
			</Transform>
		</Transform>
		<Transform DEF="Pin_Base_029_TRANSFORM"
		           translation="-2.657579 0.196982 3.543252"
		           scale="39.370079 39.370079 39.370079"
		           rotation="-0.000000 0.707107 0.707107 3.141593"
		           >
			<Transform DEF="Pin_Base_029_ifs_TRANSFORM"
			           translation="0.000000 0.000000 0.000000"
			           scale="1.000000 1.000000 1.000000"
			           rotation="0.000000 1.000000 0.000000 0.000000"
			           >
				<Group DEF="group_ME_Pin_Base_002">
					<Shape>
						<Appearance>
							<Material USE="MA_Pins_001" />
						</Appearance>
						<IndexedFaceSet solid="false"
						                normalPerVertex="true"
						                texCoordIndex="0 1 2 3 -1 4 5 6 7 -1 8 9 10 11 -1 12 13 14 15 -1 16 17 18 19 -1 20 21 22 23 24 25 26 27 28 29 30 31 32 -1 33 34 35 36 37 38 39 40 41 42 43 44 45 -1 46 47 48 49 -1 50 51 52 53 -1 54 55 56 57 -1 58 59 60 61 -1 62 63 64 65 -1 66 67 68 69 -1 70 71 72 73 -1 74 75 76 77 -1 78 79 80 81 -1 82 83 84 85 86 -1 87 88 89 90 -1 91 92 93 94 -1 95 96 97 98 -1 99 100 101 102 -1 103 104 105 106 -1 107 108 109 110 -1 111 112 113 114 115 -1 116 117 118 119 -1 120 121 122 123 -1 124 125 126 127 -1 128 129 130 131 -1 132 133 134 135 -1 136 137 138 139 140 141 142 143 144 145 146 147 148 -1 149 150 151 152 153 154 155 156 157 158 159 160 161 -1 162 163 164 165 -1 166 167 168 169 -1 170 171 172 173 -1 174 175 176 177 -1 178 179 180 181 -1 182 183 184 185 -1 186 187 188 189 -1 190 191 192 193 -1 194 195 196 197 -1 198 199 200 201 202 -1 203 204 205 206 -1 207 208 209 210 -1 211 212 213 214 -1 215 216 217 218 -1 219 220 221 222 -1 223 224 225 226 -1 227 228 229 230 231 -1 232 233 234 235 -1 236 237 238 239 -1 240 241 242 243 -1 244 245 246 247 -1 248 249 250 251 -1 252 253 254 255 256 257 258 259 260 261 262 263 264 -1 265 266 267 268 269 270 271 272 273 274 275 276 277 -1 278 279 280 281 -1 282 283 284 285 -1 286 287 288 289 -1 290 291 292 293 -1 294 295 296 297 -1 298 299 300 301 -1 302 303 304 305 -1 306 307 308 309 -1 310 311 312 313 -1 314 315 316 317 318 -1 319 320 321 322 -1 323 324 325 326 -1 327 328 329 330 -1 331 332 333 334 -1 335 336 337 338 -1 339 340 341 342 -1 343 344 345 346 347 -1 "
						                coordIndex="3 16 19 9 -1 8 18 17 1 -1 9 10 7 3 -1 10 11 5 7 -1 11 8 1 5 -1 2 25 22 20 21 27 28 26 23 24 0 4 6 -1 17 29 34 35 32 33 31 30 16 3 7 5 1 -1 4 0 8 11 -1 4 14 13 6 -1 2 6 10 9 -1 9 19 25 2 -1 0 24 18 8 -1 13 14 15 12 -1 6 13 12 10 -1 10 12 15 11 -1 11 15 14 4 -1 18 24 23 29 17 -1 26 34 29 23 -1 28 35 34 26 -1 27 32 35 28 -1 21 33 32 27 -1 20 31 33 21 -1 30 31 20 22 -1 16 30 22 25 19 -1 39 52 55 45 -1 44 54 53 37 -1 45 46 43 39 -1 46 47 41 43 -1 47 44 37 41 -1 38 61 58 56 57 63 64 62 59 60 36 40 42 -1 53 65 70 71 68 69 67 66 52 39 43 41 37 -1 40 36 44 47 -1 40 50 49 42 -1 38 42 46 45 -1 45 55 61 38 -1 36 60 54 44 -1 49 50 51 48 -1 42 49 48 46 -1 46 48 51 47 -1 47 51 50 40 -1 54 60 59 65 53 -1 62 70 65 59 -1 64 71 70 62 -1 63 68 71 64 -1 57 69 68 63 -1 56 67 69 57 -1 66 67 56 58 -1 52 66 58 61 55 -1 75 88 91 81 -1 80 90 89 73 -1 81 82 79 75 -1 82 83 77 79 -1 83 80 73 77 -1 74 97 94 92 93 99 100 98 95 96 72 76 78 -1 89 101 106 107 104 105 103 102 88 75 79 77 73 -1 76 72 80 83 -1 76 86 85 78 -1 74 78 82 81 -1 81 91 97 74 -1 72 96 90 80 -1 85 86 87 84 -1 78 85 84 82 -1 82 84 87 83 -1 83 87 86 76 -1 90 96 95 101 89 -1 98 106 101 95 -1 100 107 106 98 -1 99 104 107 100 -1 93 105 104 99 -1 92 103 105 93 -1 102 103 92 94 -1 88 102 94 97 91 -1 "
						                >
							<Coordinate DEF="coords_ME_Pin_Base_002"
							            point="0.002500 -0.004000 -0.005000 0.002500 -0.004000 0.005000 0.002500 0.004000 -0.005000 0.002500 0.004000 0.005000 -0.002500 -0.004000 -0.005000 -0.002500 -0.004000 0.005000 -0.002500 0.004000 -0.005000 -0.002500 0.004000 0.005000 0.002500 -0.004000 -0.002000 0.002500 0.004000 -0.002000 -0.002500 0.004000 -0.002000 -0.002500 -0.004000 -0.002000 -0.005500 0.004000 -0.002000 -0.005500 0.004000 -0.005000 -0.005500 -0.004000 -0.005000 -0.005500 -0.004000 -0.002000 0.002500 0.002500 0.005000 0.002500 -0.002500 0.005000 0.002500 -0.002500 -0.002000 0.002500 0.002500 -0.002000 0.000732 0.001768 -0.005000 0.000190 0.000957 -0.005000 0.001543 0.002310 -0.005000 0.001543 -0.002310 -0.005000 0.002500 -0.002500 -0.005000 0.002500 0.002500 -0.005000 0.000732 -0.001768 -0.005000 -0.000000 -0.000000 -0.005000 0.000190 -0.000957 -0.005000 0.001543 -0.002310 0.005000 0.001543 0.002310 0.005000 0.000732 0.001768 0.005000 -0.000000 0.000000 0.005000 0.000190 0.000957 0.005000 0.000732 -0.001768 0.005000 0.000190 -0.000957 0.005000 0.002500 -0.016700 -0.005000 0.002500 -0.016700 0.005000 0.002500 -0.008700 -0.005000 0.002500 -0.008700 0.005000 -0.002500 -0.016700 -0.005000 -0.002500 -0.016700 0.005000 -0.002500 -0.008700 -0.005000 -0.002500 -0.008700 0.005000 0.002500 -0.016700 -0.002000 0.002500 -0.008700 -0.002000 -0.002500 -0.008700 -0.002000 -0.002500 -0.016700 -0.002000 -0.005500 -0.008700 -0.002000 -0.005500 -0.008700 -0.005000 -0.005500 -0.016700 -0.005000 -0.005500 -0.016700 -0.002000 0.002500 -0.010200 0.005000 0.002500 -0.015200 0.005000 0.002500 -0.015200 -0.002000 0.002500 -0.010200 -0.002000 0.000732 -0.010932 -0.005000 0.000190 -0.011743 -0.005000 0.001543 -0.010390 -0.005000 0.001543 -0.015010 -0.005000 0.002500 -0.015200 -0.005000 0.002500 -0.010200 -0.005000 0.000732 -0.014468 -0.005000 -0.000000 -0.012700 -0.005000 0.000190 -0.013657 -0.005000 0.001543 -0.015010 0.005000 0.001543 -0.010390 0.005000 0.000732 -0.010932 0.005000 -0.000000 -0.012700 0.005000 0.000190 -0.011743 0.005000 0.000732 -0.014468 0.005000 0.000190 -0.013657 0.005000 0.002500 -0.029400 -0.005000 0.002500 -0.029400 0.005000 0.002500 -0.021400 -0.005000 0.002500 -0.021400 0.005000 -0.002500 -0.029400 -0.005000 -0.002500 -0.029400 0.005000 -0.002500 -0.021400 -0.005000 -0.002500 -0.021400 0.005000 0.002500 -0.029400 -0.002000 0.002500 -0.021400 -0.002000 -0.002500 -0.021400 -0.002000 -0.002500 -0.029400 -0.002000 -0.005500 -0.021400 -0.002000 -0.005500 -0.021400 -0.005000 -0.005500 -0.029400 -0.005000 -0.005500 -0.029400 -0.002000 0.002500 -0.022900 0.005000 0.002500 -0.027900 0.005000 0.002500 -0.027900 -0.002000 0.002500 -0.022900 -0.002000 0.000732 -0.023632 -0.005000 0.000190 -0.024443 -0.005000 0.001543 -0.023090 -0.005000 0.001543 -0.027710 -0.005000 0.002500 -0.027900 -0.005000 0.002500 -0.022900 -0.005000 0.000732 -0.027168 -0.005000 -0.000000 -0.025400 -0.005000 0.000190 -0.026357 -0.005000 0.001543 -0.027710 0.005000 0.001543 -0.023090 0.005000 0.000732 -0.023632 0.005000 -0.000000 -0.025400 0.005000 0.000190 -0.024443 0.005000 0.000732 -0.027168 0.005000 0.000190 -0.026357 0.005000 "
							            />
							<Normal DEF="normals_ME_Pin_Base_002"
							        vector="0.577351 -0.577349 -0.577350 0.577351 -0.577349 0.577350 0.577351 0.577349 -0.577350 0.577351 0.577350 0.577350 0.000000 -0.707107 -0.707107 -0.577350 -0.577350 0.577350 0.000000 0.707107 -0.707107 -0.577350 0.577350 0.577350 0.707108 -0.707106 -0.000000 0.707108 0.707106 -0.000000 -0.301511 0.904534 0.301511 -0.301511 -0.904534 0.301511 -0.577350 0.577350 0.577350 -0.577350 0.577350 -0.577350 -0.577350 -0.577350 -0.577350 -0.577350 -0.577350 0.577350 0.625042 -0.512960 0.588382 0.625042 0.512960 0.588383 0.773009 0.634395 -0.000000 0.773010 -0.634394 -0.000000 0.527642 -0.527642 -0.665723 0.689398 -0.285558 -0.665723 0.285558 -0.689398 -0.665723 0.285558 0.689398 -0.665723 0.625042 0.512960 -0.588383 0.625042 -0.512960 -0.588383 0.527642 0.527642 -0.665723 0.746199 0.000000 -0.665723 0.689398 0.285558 -0.665723 0.285558 0.689398 0.665723 0.285558 -0.689398 0.665723 0.527642 -0.527642 0.665723 0.746199 -0.000000 0.665723 0.689398 -0.285558 0.665723 0.527642 0.527642 0.665723 0.689398 0.285558 0.665723 0.577351 -0.577349 -0.577350 0.577351 -0.577349 0.577350 0.577351 0.577349 -0.577350 0.577351 0.577350 0.577350 -0.000000 -0.707107 -0.707107 -0.577350 -0.577350 0.577350 -0.000000 0.707107 -0.707107 -0.577350 0.577350 0.577350 0.707108 -0.707106 0.000000 0.707108 0.707106 -0.000000 -0.301511 0.904534 0.301511 -0.301511 -0.904534 0.301511 -0.577350 0.577350 0.577350 -0.577350 0.577350 -0.577350 -0.577350 -0.577350 -0.577350 -0.577350 -0.577350 0.577350 0.625042 -0.512960 0.588382 0.625042 0.512960 0.588383 0.773009 0.634395 0.000000 0.773010 -0.634394 -0.000000 0.527642 -0.527642 -0.665723 0.689398 -0.285558 -0.665723 0.285558 -0.689398 -0.665723 0.285558 0.689398 -0.665723 0.625042 0.512960 -0.588383 0.625041 -0.512960 -0.588383 0.527642 0.527642 -0.665723 0.746199 0.000000 -0.665723 0.689398 0.285558 -0.665723 0.285558 0.689398 0.665723 0.285558 -0.689398 0.665723 0.527642 -0.527642 0.665723 0.746199 0.000000 0.665723 0.689398 -0.285558 0.665723 0.527642 0.527642 0.665723 0.689398 0.285558 0.665723 0.577351 -0.577349 -0.577350 0.577351 -0.577349 0.577350 0.577351 0.577349 -0.577350 0.577351 0.577350 0.577350 0.000000 -0.707107 -0.707107 -0.577350 -0.577350 0.577350 0.000000 0.707107 -0.707107 -0.577350 0.577350 0.577350 0.707108 -0.707106 0.000000 0.707108 0.707106 -0.000000 -0.301511 0.904534 0.301511 -0.301511 -0.904534 0.301511 -0.577350 0.577350 0.577350 -0.577350 0.577350 -0.577350 -0.577350 -0.577350 -0.577350 -0.577350 -0.577350 0.577350 0.625042 -0.512960 0.588382 0.625042 0.512960 0.588383 0.773009 0.634395 0.000000 0.773010 -0.634394 -0.000000 0.527642 -0.527642 -0.665723 0.689398 -0.285558 -0.665723 0.285558 -0.689398 -0.665723 0.285558 0.689398 -0.665723 0.625042 0.512960 -0.588383 0.625042 -0.512960 -0.588383 0.527642 0.527642 -0.665723 0.746199 0.000000 -0.665723 0.689398 0.285558 -0.665723 0.285558 0.689398 0.665723 0.285558 -0.689398 0.665723 0.527642 -0.527642 0.665723 0.746199 0.000000 0.665723 0.689398 -0.285558 0.665723 0.527642 0.527642 0.665723 0.689398 0.285558 0.665723 "
							        />
							<TextureCoordinate point="0.6250 0.2500 0.6250 0.2031 0.5000 0.2031 0.5000 0.2500 0.5000 0.0000 0.5000 0.0469 0.6250 0.0469 0.6250 0.0000 0.5000 0.2500 0.5000 0.5000 0.6250 0.5000 0.6250 0.2500 0.5000 0.5000 0.5000 0.7500 0.6250 0.7500 0.6250 0.5000 0.5000 0.7500 0.5000 1.0000 0.6250 1.0000 0.6250 0.7500 0.1250 0.5000 0.1250 0.5469 0.1728 0.5528 0.2134 0.5698 0.2405 0.5951 0.2500 0.6250 0.2405 0.6549 0.2134 0.6802 0.1728 0.6972 0.1250 0.7031 0.1250 0.7500 0.3750 0.7500 0.3750 0.5000 0.8750 0.7031 0.8272 0.6972 0.7866 0.6802 0.7595 0.6549 0.7500 0.6250 0.7595 0.5951 0.7866 0.5698 0.8272 0.5528 0.8750 0.5469 0.8750 0.5000 0.6250 0.5000 0.6250 0.7500 0.8750 0.7500 0.3750 0.7500 0.3750 1.0000 0.5000 1.0000 0.5000 0.7500 0.3750 0.7500 0.3750 0.7500 0.3750 0.5000 0.3750 0.5000 0.3750 0.2500 0.3750 0.5000 0.5000 0.5000 0.5000 0.2500 0.5000 0.2500 0.5000 0.2031 0.3750 0.2031 0.3750 0.2500 0.3750 0.0000 0.3750 0.0469 0.5000 0.0469 0.5000 0.0000 0.3750 0.5000 0.3750 0.7500 0.5000 0.7500 0.5000 0.5000 0.3750 0.5000 0.3750 0.5000 0.5000 0.5000 0.5000 0.5000 0.5000 0.5000 0.5000 0.5000 0.5000 0.7500 0.5000 0.7500 0.5000 0.7500 0.5000 0.7500 0.3750 0.7500 0.3750 0.7500 1.0000 0.8480 1.0000 0.9951 0.9375 0.9951 0.9375 0.5049 1.0000 0.5049 0.8750 0.9951 0.8750 0.5049 0.9375 0.5049 0.9375 0.9951 0.8125 0.9951 0.8125 0.5049 0.8750 0.5049 0.8750 0.9951 0.7500 0.9951 0.7500 0.5049 0.8125 0.5049 0.8125 0.9951 0.6875 0.9951 0.6875 0.5049 0.7500 0.5049 0.7500 0.9951 0.6250 0.9951 0.6250 0.5049 0.6875 0.5049 0.6875 0.9951 0.5625 0.5049 0.6250 0.5049 0.6250 0.9951 0.5625 0.9951 0.5000 0.5049 0.5625 0.5049 0.5625 0.9951 0.5000 0.9951 0.5000 0.8480 0.6250 0.2500 0.6250 0.2031 0.5000 0.2031 0.5000 0.2500 0.5000 0.0000 0.5000 0.0469 0.6250 0.0469 0.6250 0.0000 0.5000 0.2500 0.5000 0.5000 0.6250 0.5000 0.6250 0.2500 0.5000 0.5000 0.5000 0.7500 0.6250 0.7500 0.6250 0.5000 0.5000 0.7500 0.5000 1.0000 0.6250 1.0000 0.6250 0.7500 0.1250 0.5000 0.1250 0.5469 0.1728 0.5528 0.2134 0.5698 0.2405 0.5951 0.2500 0.6250 0.2405 0.6549 0.2134 0.6802 0.1728 0.6972 0.1250 0.7031 0.1250 0.7500 0.3750 0.7500 0.3750 0.5000 0.8750 0.7031 0.8272 0.6972 0.7866 0.6802 0.7595 0.6549 0.7500 0.6250 0.7595 0.5951 0.7866 0.5698 0.8272 0.5528 0.8750 0.5469 0.8750 0.5000 0.6250 0.5000 0.6250 0.7500 0.8750 0.7500 0.3750 0.7500 0.3750 1.0000 0.5000 1.0000 0.5000 0.7500 0.3750 0.7500 0.3750 0.7500 0.3750 0.5000 0.3750 0.5000 0.3750 0.2500 0.3750 0.5000 0.5000 0.5000 0.5000 0.2500 0.5000 0.2500 0.5000 0.2031 0.3750 0.2031 0.3750 0.2500 0.3750 0.0000 0.3750 0.0469 0.5000 0.0469 0.5000 0.0000 0.3750 0.5000 0.3750 0.7500 0.5000 0.7500 0.5000 0.5000 0.3750 0.5000 0.3750 0.5000 0.5000 0.5000 0.5000 0.5000 0.5000 0.5000 0.5000 0.5000 0.5000 0.7500 0.5000 0.7500 0.5000 0.7500 0.5000 0.7500 0.3750 0.7500 0.3750 0.7500 1.0000 0.8480 1.0000 0.9951 0.9375 0.9951 0.9375 0.5049 1.0000 0.5049 0.8750 0.9951 0.8750 0.5049 0.9375 0.5049 0.9375 0.9951 0.8125 0.9951 0.8125 0.5049 0.8750 0.5049 0.8750 0.9951 0.7500 0.9951 0.7500 0.5049 0.8125 0.5049 0.8125 0.9951 0.6875 0.9951 0.6875 0.5049 0.7500 0.5049 0.7500 0.9951 0.6250 0.9951 0.6250 0.5049 0.6875 0.5049 0.6875 0.9951 0.5625 0.5049 0.6250 0.5049 0.6250 0.9951 0.5625 0.9951 0.5000 0.5049 0.5625 0.5049 0.5625 0.9951 0.5000 0.9951 0.5000 0.8480 0.6250 0.2500 0.6250 0.2031 0.5000 0.2031 0.5000 0.2500 0.5000 0.0000 0.5000 0.0469 0.6250 0.0469 0.6250 0.0000 0.5000 0.2500 0.5000 0.5000 0.6250 0.5000 0.6250 0.2500 0.5000 0.5000 0.5000 0.7500 0.6250 0.7500 0.6250 0.5000 0.5000 0.7500 0.5000 1.0000 0.6250 1.0000 0.6250 0.7500 0.1250 0.5000 0.1250 0.5469 0.1728 0.5528 0.2134 0.5698 0.2405 0.5951 0.2500 0.6250 0.2405 0.6549 0.2134 0.6802 0.1728 0.6972 0.1250 0.7031 0.1250 0.7500 0.3750 0.7500 0.3750 0.5000 0.8750 0.7031 0.8272 0.6972 0.7866 0.6802 0.7595 0.6549 0.7500 0.6250 0.7595 0.5951 0.7866 0.5698 0.8272 0.5528 0.8750 0.5469 0.8750 0.5000 0.6250 0.5000 0.6250 0.7500 0.8750 0.7500 0.3750 0.7500 0.3750 1.0000 0.5000 1.0000 0.5000 0.7500 0.3750 0.7500 0.3750 0.7500 0.3750 0.5000 0.3750 0.5000 0.3750 0.2500 0.3750 0.5000 0.5000 0.5000 0.5000 0.2500 0.5000 0.2500 0.5000 0.2031 0.3750 0.2031 0.3750 0.2500 0.3750 0.0000 0.3750 0.0469 0.5000 0.0469 0.5000 0.0000 0.3750 0.5000 0.3750 0.7500 0.5000 0.7500 0.5000 0.5000 0.3750 0.5000 0.3750 0.5000 0.5000 0.5000 0.5000 0.5000 0.5000 0.5000 0.5000 0.5000 0.5000 0.7500 0.5000 0.7500 0.5000 0.7500 0.5000 0.7500 0.3750 0.7500 0.3750 0.7500 1.0000 0.8480 1.0000 0.9951 0.9375 0.9951 0.9375 0.5049 1.0000 0.5049 0.8750 0.9951 0.8750 0.5049 0.9375 0.5049 0.9375 0.9951 0.8125 0.9951 0.8125 0.5049 0.8750 0.5049 0.8750 0.9951 0.7500 0.9951 0.7500 0.5049 0.8125 0.5049 0.8125 0.9951 0.6875 0.9951 0.6875 0.5049 0.7500 0.5049 0.7500 0.9951 0.6250 0.9951 0.6250 0.5049 0.6875 0.5049 0.6875 0.9951 0.5625 0.5049 0.6250 0.5049 0.6250 0.9951 0.5625 0.9951 0.5000 0.5049 0.5625 0.5049 0.5625 0.9951 0.5000 0.9951 0.5000 0.8480 " />
						</IndexedFaceSet>
					</Shape>
				</Group>
			</Transform>
		</Transform>
		<Transform DEF="Base_TRANSFORM"
		           translation="0.000000 0.196850 0.000000"
		           scale="39.370113 39.370121 39.370079"
		           rotation="-1.000000 0.000000 0.000000 1.570796"
		           >
			<Transform DEF="Base_ifs_TRANSFORM"
			           translation="0.000000 0.000000 -0.000000"
			           scale="1.000000 1.000000 1.000000"
			           rotation="0.000000 1.000000 0.000000 0.000000"
			           >
				<Group DEF="group_ME_Base">
					<Shape>
						<Appearance>
							<Material DEF="MA_Base"
							          diffuseColor="0.000 0.327 0.012"
							          specularColor="0.401 0.401 0.401"
							          emissiveColor="0.000 0.000 0.000"
							          ambientIntensity="0.000"
							          shininess="0.500"
							          transparency="0.000"
							          />
						</Appearance>
						<IndexedFaceSet solid="false"
						                normalPerVertex="true"
						                texCoordIndex="0 1 2 3 4 5 -1 6 7 8 9 10 11 -1 12 13 14 15 16 17 -1 18 19 20 21 22 -1 23 24 25 26 27 28 -1 29 30 31 32 33 -1 34 35 36 37 38 39 -1 40 41 42 43 44 45 -1 46 47 48 49 50 51 -1 52 53 54 55 56 57 -1 58 59 60 61 62 63 -1 64 65 66 67 68 69 -1 70 71 72 73 -1 74 75 76 77 78 -1 79 80 81 82 83 84 -1 85 86 87 88 89 90 -1 91 92 93 94 95 96 -1 97 98 99 100 101 102 -1 103 104 105 106 107 108 -1 109 110 111 112 113 114 -1 115 116 117 118 119 120 -1 121 122 123 124 125 -1 126 127 128 129 130 131 -1 132 133 134 135 136 137 -1 138 139 140 141 142 143 -1 144 145 146 147 -1 148 149 150 151 152 153 154 155 156 157 158 159 160 161 162 163 164 165 166 167 168 169 170 171 172 173 174 175 176 177 178 179 180 181 182 183 184 185 186 187 188 189 190 191 192 193 194 195 196 197 198 199 200 201 202 203 204 205 206 207 208 209 210 211 212 213 214 215 216 217 218 219 220 221 222 223 224 225 226 227 228 229 230 231 232 233 234 235 236 237 238 239 240 241 242 243 244 245 246 247 248 249 250 251 252 253 254 255 256 257 258 259 260 261 262 263 264 265 266 267 268 269 270 271 272 273 274 275 276 277 278 279 280 281 282 283 -1 284 285 286 287 288 289 290 291 292 293 294 295 296 297 298 299 300 301 302 303 304 305 306 307 308 309 310 311 312 313 314 315 316 317 318 319 320 321 322 323 324 325 326 327 328 329 330 331 332 333 334 335 336 337 338 339 340 341 342 343 344 345 346 347 348 349 350 351 352 353 354 355 356 357 358 359 360 361 362 363 364 365 366 367 368 369 370 371 372 373 374 375 -1 376 377 378 379 -1 380 381 382 383 -1 384 385 386 387 -1 388 389 390 391 -1 392 393 394 395 -1 396 397 398 399 -1 400 401 402 403 -1 404 405 406 407 -1 408 409 410 411 -1 412 413 414 415 -1 416 417 418 419 -1 420 421 422 423 -1 424 425 426 427 -1 428 429 430 431 -1 432 433 434 435 -1 436 437 438 439 -1 440 441 442 443 -1 444 445 446 447 -1 448 449 450 451 -1 452 453 454 455 -1 456 457 458 459 -1 460 461 462 463 -1 464 465 466 467 -1 468 469 470 471 -1 472 473 474 475 -1 476 477 478 479 -1 480 481 482 483 -1 484 485 486 487 -1 488 489 490 491 -1 492 493 494 495 -1 496 497 498 499 -1 500 501 502 503 -1 504 505 506 507 -1 508 509 510 511 -1 512 513 514 515 -1 516 517 518 519 -1 520 521 522 523 -1 524 525 526 527 -1 528 529 530 531 -1 532 533 534 535 -1 536 537 538 539 -1 540 541 542 543 -1 544 545 546 547 -1 548 549 550 551 -1 552 553 554 555 -1 556 557 558 559 -1 560 561 562 563 -1 564 565 566 567 -1 568 569 570 571 -1 572 573 574 575 -1 576 577 578 579 -1 580 581 582 583 -1 584 585 586 587 -1 588 589 590 591 -1 592 593 594 595 -1 596 597 598 599 -1 600 601 602 603 -1 604 605 606 607 -1 608 609 610 611 -1 612 613 614 615 -1 616 617 618 619 -1 620 621 622 623 -1 624 625 626 627 -1 628 629 630 631 -1 632 633 634 635 -1 636 637 638 639 -1 640 641 642 643 -1 644 645 646 647 -1 648 649 650 651 -1 652 653 654 655 -1 656 657 658 659 -1 660 661 662 663 -1 664 665 666 667 -1 668 669 670 671 -1 672 673 674 675 -1 676 677 678 679 -1 680 681 682 683 -1 684 685 686 687 -1 688 689 690 691 -1 692 693 694 695 -1 696 697 698 699 -1 700 701 702 703 -1 704 705 706 707 -1 708 709 710 711 -1 712 713 714 715 -1 716 717 718 719 -1 720 721 722 723 -1 724 725 726 727 -1 728 729 730 731 -1 732 733 734 735 -1 736 737 738 739 -1 740 741 742 743 -1 744 745 746 747 -1 748 749 750 751 -1 752 753 754 755 -1 756 757 758 759 -1 760 761 762 763 -1 764 765 766 767 -1 768 769 770 771 -1 772 773 774 775 -1 776 777 778 779 -1 780 781 782 783 -1 784 785 786 787 -1 788 789 790 791 -1 792 793 794 795 -1 796 797 798 799 -1 800 801 802 803 -1 804 805 806 807 -1 808 809 810 811 -1 812 813 814 815 -1 816 817 818 819 -1 820 821 822 823 -1 824 825 826 827 -1 828 829 830 831 -1 832 833 834 835 -1 836 837 838 839 -1 840 841 842 843 -1 844 845 846 847 -1 848 849 850 851 -1 852 853 854 855 -1 856 857 858 859 -1 860 861 862 863 -1 864 865 866 867 -1 868 869 870 871 -1 872 873 874 875 -1 876 877 878 879 -1 880 881 882 883 -1 884 885 886 887 -1 888 889 890 891 -1 892 893 894 895 -1 896 897 898 899 -1 900 901 902 903 -1 904 905 906 907 -1 908 909 910 911 -1 912 913 914 915 -1 916 917 918 919 -1 920 921 922 923 -1 924 925 926 927 -1 928 929 930 931 -1 932 933 934 935 -1 936 937 938 939 -1 940 941 942 943 -1 944 945 946 947 -1 948 949 950 951 -1 952 953 954 955 -1 956 957 958 959 -1 960 961 962 963 -1 964 965 966 967 -1 968 969 970 971 -1 972 973 974 975 -1 976 977 978 979 -1 980 981 982 983 -1 984 985 986 987 -1 988 989 990 991 -1 992 993 994 995 -1 996 997 998 999 -1 1000 1001 1002 1003 -1 1004 1005 1006 1007 -1 1008 1009 1010 1011 -1 1012 1013 1014 1015 -1 1016 1017 1018 1019 -1 1020 1021 1022 1023 -1 1024 1025 1026 1027 -1 1028 1029 1030 1031 -1 1032 1033 1034 1035 -1 1036 1037 1038 1039 -1 1040 1041 1042 1043 -1 1044 1045 1046 1047 -1 1048 1049 1050 1051 -1 1052 1053 1054 1055 -1 1056 1057 1058 1059 -1 1060 1061 1062 1063 -1 1064 1065 1066 1067 -1 1068 1069 1070 1071 -1 1072 1073 1074 1075 -1 1076 1077 1078 1079 -1 1080 1081 1082 1083 -1 1084 1085 1086 1087 -1 1088 1089 1090 1091 -1 1092 1093 1094 1095 -1 1096 1097 1098 1099 -1 1100 1101 1102 1103 -1 1104 1105 1106 1107 -1 1108 1109 1110 1111 -1 1112 1113 1114 1115 -1 1116 1117 1118 1119 -1 1120 1121 1122 1123 -1 1124 1125 1126 1127 -1 1128 1129 1130 1131 -1 1132 1133 1134 1135 -1 1136 1137 1138 1139 -1 1140 1141 1142 1143 -1 1144 1145 1146 1147 -1 1148 1149 1150 1151 -1 1152 1153 1154 1155 -1 1156 1157 1158 1159 -1 1160 1161 1162 1163 -1 1164 1165 1166 1167 -1 "
						                coordIndex="98 127 124 99 101 100 -1 102 129 126 103 105 104 -1 115 114 143 145 146 144 -1 121 3 2 158 159 -1 108 110 134 135 131 137 -1 0 1 97 96 125 -1 130 128 106 109 107 132 -1 140 136 133 111 112 141 -1 149 151 148 118 117 152 -1 120 119 154 155 150 157 -1 160 156 153 123 122 161 -1 142 116 113 147 138 139 -1 2 3 7 6 -1 5 4 191 192 162 -1 163 193 194 197 198 164 -1 165 199 196 195 204 166 -1 172 210 213 215 217 174 -1 175 218 216 227 222 178 -1 202 200 167 168 201 203 -1 205 208 170 171 209 207 -1 219 176 182 179 177 221 -1 225 6 7 189 188 -1 184 190 187 185 224 226 -1 180 186 183 181 220 223 -1 211 173 169 214 206 212 -1 4 5 1 0 -1 245 228 299 298 191 4 0 125 287 305 300 288 124 127 289 301 302 290 126 129 291 303 304 271 128 130 270 315 292 272 131 135 273 293 294 274 136 140 275 295 296 276 139 138 277 297 306 278 146 145 279 307 308 280 151 149 281 309 310 282 150 155 283 311 312 284 156 160 285 313 314 286 158 2 6 225 269 249 248 268 226 224 267 247 246 266 223 220 265 244 243 264 219 221 263 242 241 262 227 216 261 240 239 260 215 213 259 238 237 258 212 206 257 236 235 256 205 207 255 234 233 254 202 203 253 232 231 252 195 196 250 230 229 251 197 194 -1 327 337 97 1 5 162 338 339 163 164 340 341 165 166 342 343 168 167 344 345 171 170 346 347 169 173 348 349 172 174 350 351 175 178 352 353 179 182 354 355 183 186 356 357 187 190 358 359 189 7 3 121 316 317 122 123 318 320 119 120 319 326 117 118 325 324 114 115 323 322 113 116 321 336 112 111 335 334 110 108 333 332 107 109 331 330 104 105 329 328 100 101 -1 192 8 338 162 -1 338 8 13 339 -1 339 13 193 163 -1 193 13 245 194 -1 8 192 191 298 -1 228 20 16 299 -1 299 16 8 298 -1 20 13 8 16 -1 245 13 20 228 -1 198 24 340 164 -1 340 24 29 341 -1 341 29 199 165 -1 199 29 250 196 -1 24 198 197 251 -1 230 36 35 229 -1 229 35 24 251 -1 36 29 24 35 -1 250 29 36 230 -1 204 42 342 166 -1 342 42 46 343 -1 343 46 201 168 -1 201 46 253 203 -1 42 204 195 252 -1 232 54 49 231 -1 231 49 42 252 -1 54 46 42 49 -1 253 46 54 232 -1 200 11 344 167 -1 344 11 14 345 -1 345 14 209 171 -1 209 14 255 207 -1 11 200 202 254 -1 234 22 18 233 -1 233 18 11 254 -1 22 14 11 18 -1 255 14 22 234 -1 208 27 346 170 -1 346 27 28 347 -1 347 28 214 169 -1 214 28 257 206 -1 27 208 205 256 -1 236 37 32 235 -1 235 32 27 256 -1 37 28 27 32 -1 257 28 37 236 -1 211 40 348 173 -1 348 40 44 349 -1 349 44 210 172 -1 210 44 259 213 -1 40 211 212 258 -1 238 52 50 237 -1 237 50 40 258 -1 52 44 40 50 -1 259 44 52 238 -1 217 56 350 174 -1 350 56 58 351 -1 351 58 218 175 -1 218 58 261 216 -1 56 217 215 260 -1 240 63 61 239 -1 239 61 56 260 -1 63 58 56 61 -1 261 58 63 240 -1 222 64 352 178 -1 352 64 66 353 -1 353 66 177 179 -1 177 66 263 221 -1 64 222 227 262 -1 242 70 69 241 -1 241 69 64 262 -1 70 66 64 69 -1 263 66 70 242 -1 176 73 354 182 -1 354 73 75 355 -1 355 75 181 183 -1 181 75 265 220 -1 73 176 219 264 -1 244 79 77 243 -1 243 77 73 264 -1 79 75 73 77 -1 265 75 79 244 -1 180 81 356 186 -1 356 81 83 357 -1 357 83 185 187 -1 185 83 267 224 -1 81 180 223 266 -1 247 86 85 246 -1 246 85 81 266 -1 86 83 81 85 -1 267 83 86 247 -1 184 89 358 190 -1 358 89 91 359 -1 359 91 188 189 -1 188 91 269 225 -1 89 184 226 268 -1 249 94 92 248 -1 248 92 89 268 -1 94 91 89 92 -1 269 91 94 249 -1 9 132 107 332 -1 15 9 332 333 -1 108 137 15 333 -1 272 15 137 131 -1 132 9 270 130 -1 315 19 21 292 -1 9 19 315 270 -1 9 15 21 19 -1 292 21 15 272 -1 26 134 110 334 -1 31 26 334 335 -1 111 133 31 335 -1 274 31 133 136 -1 134 26 273 135 -1 293 33 38 294 -1 26 33 293 273 -1 26 31 38 33 -1 294 38 31 274 -1 41 141 112 336 -1 45 41 336 321 -1 116 142 45 321 -1 276 45 142 139 -1 141 41 275 140 -1 295 48 55 296 -1 41 48 295 275 -1 41 45 55 48 -1 296 55 45 276 -1 57 147 113 322 -1 59 57 322 323 -1 115 144 59 323 -1 278 59 144 146 -1 147 57 277 138 -1 297 60 62 306 -1 57 60 297 277 -1 57 59 62 60 -1 306 62 59 278 -1 65 143 114 324 -1 67 65 324 325 -1 118 148 67 325 -1 280 67 148 151 -1 143 65 279 145 -1 307 68 71 308 -1 65 68 307 279 -1 65 67 71 68 -1 308 71 67 280 -1 72 152 117 326 -1 74 72 326 319 -1 120 157 74 319 -1 282 74 157 150 -1 152 72 281 149 -1 309 76 78 310 -1 72 76 309 281 -1 72 74 78 76 -1 310 78 74 282 -1 80 154 119 320 -1 82 80 320 318 -1 123 153 82 318 -1 284 82 153 156 -1 154 80 283 155 -1 311 84 87 312 -1 80 84 311 283 -1 80 82 87 84 -1 312 87 82 284 -1 88 161 122 317 -1 90 88 317 316 -1 121 159 90 316 -1 286 90 159 158 -1 161 88 285 160 -1 313 93 95 314 -1 88 93 313 285 -1 88 90 95 93 -1 314 95 90 286 -1 10 96 97 337 -1 12 10 337 327 -1 101 99 12 327 -1 288 12 99 124 -1 96 10 287 125 -1 305 17 23 300 -1 10 17 305 287 -1 10 12 23 17 -1 300 23 12 288 -1 25 98 100 328 -1 30 25 328 329 -1 105 103 30 329 -1 290 30 103 126 -1 98 25 289 127 -1 301 34 39 302 -1 25 34 301 289 -1 25 30 39 34 -1 302 39 30 290 -1 43 102 104 330 -1 47 43 330 331 -1 109 106 47 331 -1 271 47 106 128 -1 102 43 291 129 -1 303 51 53 304 -1 43 51 303 291 -1 43 47 53 51 -1 304 53 47 271 -1 "
						                >
							<Coordinate DEF="coords_ME_Base"
							            point="-0.070000 -0.100000 -0.005000 -0.070000 -0.100000 0.005000 -0.070000 0.100000 -0.005000 -0.070000 0.100000 0.005000 0.070000 -0.100000 -0.005000 0.070000 -0.100000 0.005000 0.070000 0.100000 -0.005000 0.070000 0.100000 0.005000 0.065000 -0.094000 -0.002002 -0.065000 -0.013000 -0.002002 -0.065000 -0.094000 -0.002002 0.065000 -0.013000 -0.002002 -0.065000 -0.086000 -0.002002 0.065000 -0.086000 -0.002002 0.065000 -0.005000 -0.002002 -0.065000 -0.005000 -0.002002 0.062000 -0.094000 -0.002002 -0.062000 -0.094000 -0.002002 0.062000 -0.013000 -0.002002 -0.062000 -0.013000 -0.002002 0.062000 -0.086000 -0.002002 -0.062000 -0.005000 -0.002002 0.062000 -0.005000 -0.002002 -0.062000 -0.086000 -0.002002 0.065000 -0.081300 -0.002002 -0.065000 -0.081300 -0.002002 -0.065000 -0.000300 -0.002002 0.065000 -0.000300 -0.002002 0.065000 0.007700 -0.002002 0.065000 -0.073300 -0.002002 -0.065000 -0.073300 -0.002002 -0.065000 0.007700 -0.002002 0.062000 -0.000300 -0.002002 -0.062000 -0.000300 -0.002002 -0.062000 -0.081300 -0.002002 0.062000 -0.081300 -0.002002 0.062000 -0.073300 -0.002002 0.062000 0.007700 -0.002002 -0.062000 0.007700 -0.002002 -0.062000 -0.073300 -0.002002 0.065000 0.012400 -0.002002 -0.065000 0.012400 -0.002002 0.065000 -0.068600 -0.002002 -0.065000 -0.068600 -0.002002 0.065000 0.020400 -0.002002 -0.065000 0.020400 -0.002002 0.065000 -0.060600 -0.002002 -0.065000 -0.060600 -0.002002 -0.062000 0.012400 -0.002002 0.062000 -0.068600 -0.002002 0.062000 0.012400 -0.002002 -0.062000 -0.068600 -0.002002 0.062000 0.020400 -0.002002 -0.062000 -0.060600 -0.002002 0.062000 -0.060600 -0.002002 -0.062000 0.020400 -0.002002 0.065000 0.025100 -0.002002 -0.065000 0.025100 -0.002002 0.065000 0.033100 -0.002002 -0.065000 0.033100 -0.002002 -0.062000 0.025100 -0.002002 0.062000 0.025100 -0.002002 -0.062000 0.033100 -0.002002 0.062000 0.033100 -0.002002 0.065000 0.037800 -0.002002 -0.065000 0.037800 -0.002002 0.065000 0.045800 -0.002002 -0.065000 0.045800 -0.002002 -0.062000 0.037800 -0.002002 0.062000 0.037800 -0.002002 0.062000 0.045800 -0.002002 -0.062000 0.045800 -0.002002 -0.065000 0.050500 -0.002002 0.065000 0.050500 -0.002002 -0.065000 0.058500 -0.002002 0.065000 0.058500 -0.002002 -0.062000 0.050500 -0.002002 0.062000 0.050500 -0.002002 -0.062000 0.058500 -0.002002 0.062000 0.058500 -0.002002 -0.065000 0.063200 -0.002002 0.065000 0.063200 -0.002002 -0.065000 0.071200 -0.002002 0.065000 0.071200 -0.002002 -0.062000 0.063200 -0.002002 0.062000 0.063200 -0.002002 0.062000 0.071200 -0.002002 -0.062000 0.071200 -0.002002 -0.065000 0.075900 -0.002002 0.065000 0.075900 -0.002002 -0.065000 0.083900 -0.002002 0.065000 0.083900 -0.002002 0.062000 0.075900 -0.002002 -0.062000 0.075900 -0.002002 0.062000 0.083900 -0.002002 -0.062000 0.083900 -0.002002 -0.070000 -0.094000 -0.002002 -0.070000 -0.094000 0.005000 -0.070000 -0.081300 -0.002002 -0.070000 -0.086000 -0.002002 -0.070000 -0.081300 0.005000 -0.070000 -0.086000 0.005000 -0.070000 -0.068600 -0.002002 -0.070000 -0.073300 -0.002002 -0.070000 -0.068600 0.005000 -0.070000 -0.073300 0.005000 -0.070000 -0.060600 -0.002002 -0.070000 -0.013000 0.005000 -0.070000 -0.005000 0.005000 -0.070000 -0.060600 0.005000 -0.070000 -0.000300 0.005000 -0.070000 0.007700 0.005000 -0.070000 0.012400 0.005000 -0.070000 0.025100 0.005000 -0.070000 0.037800 0.005000 -0.070000 0.033100 0.005000 -0.070000 0.020400 0.005000 -0.070000 0.050500 0.005000 -0.070000 0.045800 0.005000 -0.070000 0.063200 0.005000 -0.070000 0.058500 0.005000 -0.070000 0.083900 0.005000 -0.070000 0.075900 0.005000 -0.070000 0.071200 0.005000 -0.070000 -0.086000 -0.005000 -0.070000 -0.094000 -0.005000 -0.070000 -0.073300 -0.005000 -0.070000 -0.081300 -0.005000 -0.070000 -0.060600 -0.005000 -0.070000 -0.068600 -0.005000 -0.070000 -0.013000 -0.005000 -0.070000 -0.005000 -0.005000 -0.070000 -0.013000 -0.002002 -0.070000 0.007700 -0.002002 -0.070000 -0.000300 -0.002002 -0.070000 -0.000300 -0.005000 -0.070000 0.007700 -0.005000 -0.070000 -0.005000 -0.002002 -0.070000 0.025100 -0.005000 -0.070000 0.020400 -0.005000 -0.070000 0.012400 -0.005000 -0.070000 0.012400 -0.002002 -0.070000 0.020400 -0.002002 -0.070000 0.037800 -0.002002 -0.070000 0.033100 -0.002002 -0.070000 0.037800 -0.005000 -0.070000 0.033100 -0.005000 -0.070000 0.025100 -0.002002 -0.070000 0.045800 -0.002002 -0.070000 0.050500 -0.005000 -0.070000 0.058500 -0.005000 -0.070000 0.045800 -0.005000 -0.070000 0.050500 -0.002002 -0.070000 0.071200 -0.002002 -0.070000 0.063200 -0.002002 -0.070000 0.063200 -0.005000 -0.070000 0.071200 -0.005000 -0.070000 0.058500 -0.002002 -0.070000 0.083900 -0.005000 -0.070000 0.083900 -0.002002 -0.070000 0.075900 -0.005000 -0.070000 0.075900 -0.002002 0.070000 -0.094000 0.005000 0.070000 -0.086000 0.005000 0.070000 -0.081300 0.005000 0.070000 -0.073300 0.005000 0.070000 -0.068600 0.005000 0.070000 -0.013000 0.005000 0.070000 -0.060600 0.005000 0.070000 0.007700 0.005000 0.070000 -0.000300 0.005000 0.070000 -0.005000 0.005000 0.070000 0.020400 0.005000 0.070000 0.012400 0.005000 0.070000 0.025100 0.005000 0.070000 0.033100 0.005000 0.070000 0.050500 -0.002002 0.070000 0.045800 -0.002002 0.070000 0.037800 0.005000 0.070000 0.045800 0.005000 0.070000 0.063200 -0.002002 0.070000 0.058500 -0.002002 0.070000 0.050500 0.005000 0.070000 0.058500 0.005000 0.070000 0.075900 -0.002002 0.070000 0.071200 -0.002002 0.070000 0.063200 0.005000 0.070000 0.071200 0.005000 0.070000 0.083900 -0.002002 0.070000 0.083900 0.005000 0.070000 0.075900 0.005000 0.070000 -0.094000 -0.005000 0.070000 -0.094000 -0.002002 0.070000 -0.086000 -0.002002 0.070000 -0.086000 -0.005000 0.070000 -0.068600 -0.005000 0.070000 -0.073300 -0.005000 0.070000 -0.081300 -0.005000 0.070000 -0.081300 -0.002002 0.070000 -0.073300 -0.002002 0.070000 -0.013000 -0.002002 0.070000 -0.060600 -0.002002 0.070000 -0.013000 -0.005000 0.070000 -0.060600 -0.005000 0.070000 -0.068600 -0.002002 0.070000 -0.000300 -0.005000 0.070000 0.007700 -0.005000 0.070000 -0.005000 -0.005000 0.070000 -0.000300 -0.002002 0.070000 -0.005000 -0.002002 0.070000 0.020400 -0.002002 0.070000 0.012400 -0.002002 0.070000 0.012400 -0.005000 0.070000 0.020400 -0.005000 0.070000 0.007700 -0.002002 0.070000 0.025100 -0.005000 0.070000 0.033100 -0.005000 0.070000 0.025100 -0.002002 0.070000 0.033100 -0.002002 0.070000 0.050500 -0.005000 0.070000 0.058500 -0.005000 0.070000 0.045800 -0.005000 0.070000 0.037800 -0.002002 0.070000 0.063200 -0.005000 0.070000 0.071200 -0.005000 0.070000 0.083900 -0.005000 0.070000 0.075900 -0.005000 0.070000 0.037800 -0.005000 0.062000 -0.086000 -0.005000 0.062000 -0.081300 -0.005000 0.062000 -0.073300 -0.005000 0.062000 -0.068600 -0.005000 0.062000 -0.060600 -0.005000 0.062000 -0.013000 -0.005000 0.062000 -0.005000 -0.005000 0.062000 -0.000300 -0.005000 0.062000 0.007700 -0.005000 0.062000 0.012400 -0.005000 0.062000 0.020400 -0.005000 0.062000 0.025100 -0.005000 0.062000 0.033100 -0.005000 0.062000 0.037800 -0.005000 0.062000 0.045800 -0.005000 0.062000 0.050500 -0.005000 0.062000 0.058500 -0.005000 0.065000 -0.086000 -0.005000 0.062000 0.063200 -0.005000 0.062000 0.071200 -0.005000 0.062000 0.075900 -0.005000 0.062000 0.083900 -0.005000 0.065000 -0.073300 -0.005000 0.065000 -0.081300 -0.005000 0.065000 -0.068600 -0.005000 0.065000 -0.060600 -0.005000 0.065000 -0.013000 -0.005000 0.065000 -0.005000 -0.005000 0.065000 -0.000300 -0.005000 0.065000 0.007700 -0.005000 0.065000 0.012400 -0.005000 0.065000 0.020400 -0.005000 0.065000 0.025100 -0.005000 0.065000 0.033100 -0.005000 0.065000 0.037800 -0.005000 0.065000 0.045800 -0.005000 0.065000 0.050500 -0.005000 0.065000 0.058500 -0.005000 0.065000 0.063200 -0.005000 0.065000 0.071200 -0.005000 0.065000 0.075900 -0.005000 0.065000 0.083900 -0.005000 -0.065000 -0.013000 -0.005000 -0.065000 -0.060600 -0.005000 -0.065000 -0.005000 -0.005000 -0.065000 -0.000300 -0.005000 -0.065000 0.007700 -0.005000 -0.065000 0.012400 -0.005000 -0.065000 0.020400 -0.005000 -0.065000 0.025100 -0.005000 -0.065000 0.033100 -0.005000 -0.065000 0.037800 -0.005000 -0.065000 0.045800 -0.005000 -0.065000 0.050500 -0.005000 -0.065000 0.058500 -0.005000 -0.065000 0.063200 -0.005000 -0.065000 0.071200 -0.005000 -0.065000 0.075900 -0.005000 -0.065000 0.083900 -0.005000 -0.065000 -0.094000 -0.005000 -0.065000 -0.086000 -0.005000 -0.065000 -0.081300 -0.005000 -0.065000 -0.073300 -0.005000 -0.065000 -0.068600 -0.005000 -0.062000 -0.005000 -0.005000 -0.062000 -0.000300 -0.005000 -0.062000 0.007700 -0.005000 -0.062000 0.012400 -0.005000 -0.062000 0.020400 -0.005000 -0.062000 0.025100 -0.005000 0.065000 -0.094000 -0.005000 0.062000 -0.094000 -0.005000 -0.062000 -0.086000 -0.005000 -0.062000 -0.081300 -0.005000 -0.062000 -0.073300 -0.005000 -0.062000 -0.068600 -0.005000 -0.062000 -0.060600 -0.005000 -0.062000 -0.094000 -0.005000 -0.062000 0.033100 -0.005000 -0.062000 0.037800 -0.005000 -0.062000 0.045800 -0.005000 -0.062000 0.050500 -0.005000 -0.062000 0.058500 -0.005000 -0.062000 0.063200 -0.005000 -0.062000 0.071200 -0.005000 -0.062000 0.075900 -0.005000 -0.062000 0.083900 -0.005000 -0.062000 -0.013000 -0.005000 -0.065000 0.083900 0.005000 -0.065000 0.075900 0.005000 -0.065000 0.071200 0.005000 -0.065000 0.058500 0.005000 -0.065000 0.063200 0.005000 -0.065000 0.020400 0.005000 -0.065000 0.025100 0.005000 -0.065000 0.033100 0.005000 -0.065000 0.037800 0.005000 -0.065000 0.045800 0.005000 -0.065000 0.050500 0.005000 -0.065000 -0.086000 0.005000 -0.065000 -0.081300 0.005000 -0.065000 -0.073300 0.005000 -0.065000 -0.068600 0.005000 -0.065000 -0.060600 0.005000 -0.065000 -0.013000 0.005000 -0.065000 -0.005000 0.005000 -0.065000 -0.000300 0.005000 -0.065000 0.007700 0.005000 -0.065000 0.012400 0.005000 -0.065000 -0.094000 0.005000 0.065000 -0.094000 0.005000 0.065000 -0.086000 0.005000 0.065000 -0.081300 0.005000 0.065000 -0.073300 0.005000 0.065000 -0.068600 0.005000 0.065000 -0.060600 0.005000 0.065000 -0.013000 0.005000 0.065000 -0.005000 0.005000 0.065000 -0.000300 0.005000 0.065000 0.007700 0.005000 0.065000 0.012400 0.005000 0.065000 0.020400 0.005000 0.065000 0.025100 0.005000 0.065000 0.033100 0.005000 0.065000 0.037800 0.005000 0.065000 0.045800 0.005000 0.065000 0.050500 0.005000 0.065000 0.058500 0.005000 0.065000 0.063200 0.005000 0.065000 0.071200 0.005000 0.065000 0.075900 0.005000 0.065000 0.083900 0.005000 "
							            />
							<Normal DEF="normals_ME_Base"
							        vector="-0.577350 -0.577350 -0.577350 -0.577350 -0.577350 0.577350 -0.577350 0.577350 -0.577350 -0.577350 0.577350 0.577350 0.577350 -0.577350 -0.577350 0.577350 -0.577350 0.577350 0.577350 0.577350 -0.577350 0.577350 0.577350 0.577350 0.301511 0.904534 -0.301511 -0.301511 0.904534 -0.301511 -0.301511 0.904534 -0.301511 0.301511 0.904534 -0.301511 -0.301511 -0.904534 -0.301511 0.301511 -0.904534 -0.301511 0.301511 -0.904534 -0.301511 -0.301511 -0.904534 -0.301511 0.577350 0.577350 -0.577350 -0.577350 0.577350 -0.577350 0.577350 0.577350 -0.577350 -0.577350 0.577350 -0.577350 0.577350 -0.577350 -0.577350 -0.577350 -0.577350 -0.577350 0.577350 -0.577350 -0.577350 -0.577350 -0.577350 -0.577350 0.301511 0.904534 -0.301511 -0.301511 0.904534 -0.301511 -0.301511 0.904534 -0.301511 0.301511 0.904534 -0.301511 0.301511 -0.904534 -0.301511 0.301511 -0.904534 -0.301511 -0.301511 -0.904534 -0.301511 -0.301511 -0.904534 -0.301511 0.577350 0.577350 -0.577350 -0.577350 0.577350 -0.577350 -0.577350 0.577350 -0.577350 0.577350 0.577350 -0.577350 0.577350 -0.577350 -0.577350 0.577350 -0.577350 -0.577350 -0.577350 -0.577350 -0.577350 -0.577350 -0.577350 -0.577350 0.301511 0.904534 -0.301511 -0.301511 0.904534 -0.301511 0.301511 0.904534 -0.301511 -0.301511 0.904534 -0.301511 0.301511 -0.904534 -0.301511 -0.301511 -0.904534 -0.301511 0.301511 -0.904534 -0.301511 -0.301511 -0.904534 -0.301511 -0.577350 0.577350 -0.577350 0.577350 0.577350 -0.577350 0.577350 0.577350 -0.577350 -0.577350 0.577350 -0.577350 0.577350 -0.577350 -0.577350 -0.577350 -0.577350 -0.577350 0.577350 -0.577350 -0.577350 -0.577350 -0.577350 -0.577350 0.301511 0.904534 -0.301511 -0.301511 0.904534 -0.301511 0.301511 -0.904534 -0.301511 -0.301511 -0.904534 -0.301511 -0.577350 0.577350 -0.577350 0.577350 0.577350 -0.577350 -0.577350 -0.577350 -0.577350 0.577350 -0.577350 -0.577350 0.301511 0.904534 -0.301511 -0.301511 0.904534 -0.301511 0.301511 -0.904534 -0.301511 -0.301511 -0.904534 -0.301511 -0.577350 0.577350 -0.577350 0.577350 0.577350 -0.577350 0.577350 -0.577350 -0.577350 -0.577350 -0.577350 -0.577350 -0.301511 0.904534 -0.301511 0.301511 0.904534 -0.301511 -0.301511 -0.904534 -0.301511 0.301511 -0.904534 -0.301511 -0.577350 0.577350 -0.577350 0.577350 0.577350 -0.577350 -0.577350 -0.577350 -0.577350 0.577350 -0.577350 -0.577350 -0.301511 0.904534 -0.301511 0.301511 0.904534 -0.301511 -0.301511 -0.904534 -0.301511 0.301511 -0.904534 -0.301511 -0.577350 0.577350 -0.577350 0.577350 0.577350 -0.577350 0.577350 -0.577350 -0.577350 -0.577350 -0.577350 -0.577350 -0.301511 0.904534 -0.301511 0.301511 0.904534 -0.301511 -0.301511 -0.904534 -0.301511 0.301511 -0.904534 -0.301511 0.577350 0.577350 -0.577350 -0.577350 0.577350 -0.577350 0.577350 -0.577350 -0.577350 -0.577350 -0.577350 -0.577350 -0.707107 0.707107 0.000000 -0.577350 0.577350 0.577350 -0.707107 0.707107 0.000000 -0.707107 -0.707107 0.000000 -0.577350 0.577350 0.577350 -0.577350 -0.577350 0.577350 -0.707107 0.707107 0.000000 -0.707107 -0.707107 0.000000 -0.577350 0.577350 0.577350 -0.577350 -0.577350 0.577350 -0.707107 -0.707107 0.000000 -0.577350 0.577350 0.577350 -0.577350 -0.577350 0.577350 -0.577350 -0.577350 0.577350 -0.577350 0.577350 0.577350 -0.577350 -0.577350 0.577350 -0.577350 0.577350 0.577350 -0.577350 0.577350 0.577350 -0.577350 0.577350 0.577350 -0.577350 -0.577350 0.577350 -0.577350 -0.577350 0.577350 -0.577350 0.577350 0.577350 -0.577350 -0.577350 0.577350 -0.577350 0.577350 0.577350 -0.577350 -0.577350 0.577350 -0.577350 -0.577350 0.577350 -0.577350 0.577350 0.577350 -0.577350 -0.577350 0.577350 -0.577350 -0.577350 -0.577350 -0.577350 0.577350 -0.577350 -0.577350 -0.577350 -0.577350 -0.577350 0.577350 -0.577350 -0.577350 -0.577350 -0.577350 -0.577350 0.577350 -0.577350 -0.577350 0.577350 -0.577350 -0.577350 -0.577350 -0.577350 -0.707107 0.707107 0.000000 -0.707107 -0.707107 0.000000 -0.707107 0.707107 0.000000 -0.577350 0.577350 -0.577350 -0.577350 -0.577350 -0.577350 -0.707107 -0.707107 0.000000 -0.577350 0.577350 -0.577350 -0.577350 -0.577350 -0.577350 -0.577350 0.577350 -0.577350 -0.707107 0.707107 0.000000 -0.707107 -0.707107 0.000000 -0.707107 0.707107 0.000000 -0.707107 -0.707107 0.000000 -0.577350 0.577350 -0.577350 -0.577350 -0.577350 -0.577350 -0.707107 0.707107 0.000000 -0.707107 -0.707107 0.000000 -0.577350 0.577350 -0.577350 -0.577350 -0.577350 -0.577350 -0.577350 -0.577350 -0.577350 -0.707107 0.707107 0.000000 -0.707107 -0.707107 0.000000 -0.707107 0.707107 0.000000 -0.577350 0.577350 -0.577350 -0.577350 -0.577350 -0.577350 -0.707107 -0.707107 0.000000 -0.577350 -0.577350 -0.577350 -0.707107 -0.707107 0.000000 -0.577350 0.577350 -0.577350 -0.707107 0.707107 0.000000 0.577350 0.577350 0.577350 0.577350 -0.577350 0.577350 0.577350 0.577350 0.577350 0.577350 -0.577350 0.577350 0.577350 0.577350 0.577350 0.577350 0.577350 0.577350 0.577350 -0.577350 0.577350 0.577350 -0.577350 0.577350 0.577350 0.577350 0.577350 0.577350 -0.577350 0.577350 0.577350 -0.577350 0.577350 0.577350 0.577350 0.577350 0.577350 0.577350 0.577350 0.577350 -0.577350 0.577350 0.707107 0.707107 0.000000 0.707107 -0.707107 0.000000 0.577350 0.577350 0.577350 0.577350 -0.577350 0.577350 0.707107 0.707107 0.000000 0.707107 -0.707107 0.000000 0.577350 0.577350 0.577350 0.577350 -0.577350 0.577350 0.707107 0.707107 0.000000 0.707107 -0.707107 0.000000 0.577350 0.577350 0.577350 0.577350 -0.577350 0.577350 0.707107 -0.707107 0.000000 0.577350 -0.577350 0.577350 0.577350 0.577350 0.577350 0.577350 0.577350 -0.577350 0.707107 0.707107 0.000000 0.707107 -0.707107 0.000000 0.577350 -0.577350 -0.577350 0.577350 0.577350 -0.577350 0.577350 -0.577350 -0.577350 0.577350 0.577350 -0.577350 0.707107 0.707107 0.000000 0.707107 -0.707107 0.000000 0.707107 0.707107 0.000000 0.707107 -0.707107 0.000000 0.577350 0.577350 -0.577350 0.577350 -0.577350 -0.577350 0.707107 0.707107 0.000000 0.577350 0.577350 -0.577350 0.577350 -0.577350 -0.577350 0.577350 -0.577350 -0.577350 0.707107 0.707107 0.000000 0.707107 -0.707107 0.000000 0.707107 -0.707107 0.000000 0.707107 0.707107 0.000000 0.577350 0.577350 -0.577350 0.577350 -0.577350 -0.577350 0.707107 -0.707107 0.000000 0.577350 0.577350 -0.577350 0.577350 -0.577350 -0.577350 0.707107 0.707107 0.000000 0.707107 -0.707107 0.000000 0.577350 0.577350 -0.577350 0.577350 -0.577350 -0.577350 0.577350 -0.577350 -0.577350 0.707107 0.707107 0.000000 0.577350 0.577350 -0.577350 0.577350 -0.577350 -0.577350 0.577350 -0.577350 -0.577350 0.577350 0.577350 -0.577350 0.577350 0.577350 -0.577350 0.577350 -0.577350 -0.577350 0.577350 0.577350 -0.577350 0.577350 -0.577350 -0.577350 0.577350 0.577350 -0.577350 0.577350 -0.577350 -0.577350 0.577350 0.577350 -0.577350 0.577350 -0.577350 -0.577350 0.577350 0.577350 -0.577350 0.577350 -0.577350 -0.577350 0.577350 0.577350 -0.577350 0.577350 -0.577350 -0.577350 0.577350 0.577350 -0.577350 0.577350 -0.577350 -0.577350 0.577350 0.577350 -0.577350 0.577350 -0.577350 -0.577350 0.577350 0.577350 -0.577350 0.577350 -0.577350 -0.577350 0.000000 -0.707107 -0.707107 0.577350 0.577350 -0.577350 0.577350 -0.577350 -0.577350 0.577350 0.577350 -0.577350 0.577350 -0.577350 -0.577350 0.000000 -0.707107 -0.707107 0.000000 0.707107 -0.707107 0.000000 0.707107 -0.707107 0.000000 -0.707107 -0.707107 0.000000 0.707107 -0.707107 0.000000 -0.707107 -0.707107 0.000000 0.707107 -0.707107 0.000000 -0.707107 -0.707107 0.000000 0.707107 -0.707107 0.000000 -0.707107 -0.707107 0.000000 0.707107 -0.707107 0.000000 -0.707107 -0.707107 0.000000 0.707107 -0.707107 0.000000 -0.707107 -0.707107 0.000000 0.707107 -0.707107 0.000000 -0.707107 -0.707107 0.000000 0.707107 -0.707107 0.000000 -0.707107 -0.707107 0.000000 0.707107 -0.707107 0.000000 -0.707107 -0.707107 0.000000 0.707107 -0.707107 0.000000 -0.707107 -0.707107 0.000000 -0.707107 -0.707107 0.000000 0.707107 -0.707107 0.000000 -0.707107 -0.707107 0.000000 0.707107 -0.707107 0.000000 -0.707107 -0.707107 0.000000 0.707107 -0.707107 0.000000 -0.707107 -0.707107 0.000000 0.707107 -0.707107 0.000000 -0.707107 -0.707107 0.000000 0.707107 -0.707107 0.000000 -0.707107 -0.707107 0.000000 0.707107 -0.707107 0.000000 -0.707107 -0.707107 0.000000 0.707107 -0.707107 0.000000 -0.707107 -0.707107 0.000000 0.707107 -0.707107 0.000000 -0.707107 -0.707107 0.000000 0.707107 -0.707107 0.000000 -0.707107 -0.707107 0.000000 0.707107 -0.707107 -0.577350 -0.577350 -0.577350 -0.577350 0.577350 -0.577350 -0.577350 -0.577350 -0.577350 -0.577350 0.577350 -0.577350 -0.577350 -0.577350 -0.577350 -0.577350 0.577350 -0.577350 0.000000 0.707107 -0.707107 0.577350 0.577350 -0.577350 -0.577350 -0.577350 -0.577350 -0.577350 0.577350 -0.577350 -0.577350 -0.577350 -0.577350 -0.577350 0.577350 -0.577350 -0.577350 -0.577350 -0.577350 -0.577350 0.577350 -0.577350 -0.577350 -0.577350 -0.577350 -0.577350 0.577350 -0.577350 -0.577350 -0.577350 -0.577350 -0.577350 0.577350 -0.577350 -0.577350 -0.577350 -0.577350 -0.577350 0.577350 -0.577350 -0.577350 -0.577350 -0.577350 -0.577350 0.577350 -0.577350 -0.577350 -0.577350 -0.577350 -0.577350 0.577350 -0.577350 -0.577350 -0.577350 0.577350 -0.577350 0.577350 0.577350 -0.577350 -0.577350 0.577350 -0.577350 -0.577350 0.577350 -0.577350 0.577350 0.577350 -0.577350 -0.577350 0.577350 -0.577350 0.577350 0.577350 -0.577350 -0.577350 0.577350 -0.577350 0.577350 0.577350 -0.577350 -0.577350 0.577350 -0.577350 0.577350 0.577350 -0.577350 -0.577350 0.577350 -0.577350 0.577350 0.577350 -0.577350 -0.577350 0.577350 -0.577350 0.577350 0.577350 -0.577350 -0.577350 0.577350 -0.577350 0.577350 0.577350 -0.577350 -0.577350 0.577350 -0.577350 0.577350 0.577350 -0.577350 -0.577350 0.577350 -0.577350 0.577350 0.577350 -0.577350 0.577350 0.577350 0.577350 0.577350 0.577350 0.577350 -0.577350 0.577350 0.577350 0.577350 0.577350 0.577350 -0.577350 0.577350 0.577350 0.577350 0.577350 0.577350 -0.577350 0.577350 0.577350 0.577350 0.577350 0.577350 -0.577350 0.577350 0.577350 0.577350 0.577350 0.577350 -0.577350 0.577350 0.577350 0.577350 0.577350 0.577350 -0.577350 0.577350 0.577350 0.577350 0.577350 0.577350 -0.577350 0.577350 0.577350 0.577350 0.577350 0.577350 -0.577350 0.577350 0.577350 0.577350 0.577350 0.577350 -0.577350 0.577350 0.577350 0.577350 0.577350 0.577350 -0.577350 0.577350 0.577350 0.577350 0.577350 0.577350 -0.577350 0.577350 "
							        />
							<TextureCoordinate point="0.4500 0.0234 0.3750 0.0234 0.3750 0.0175 0.4500 0.0175 0.6250 0.0175 0.6250 0.0234 0.4500 0.0393 0.3750 0.0393 0.3750 0.0334 0.4500 0.0334 0.6250 0.0334 0.6250 0.0393 0.6250 0.1664 0.6250 0.1723 0.4500 0.1723 0.3750 0.1723 0.3750 0.1664 0.4500 0.1664 0.6250 0.2299 0.6250 0.2500 0.3750 0.2500 0.3750 0.2299 0.4500 0.2299 0.6250 0.1187 0.6250 0.1246 0.4500 0.1246 0.3750 0.1246 0.3750 0.1187 0.4500 0.1187 0.3750 0.0000 0.6250 0.0000 0.6250 0.0075 0.4500 0.0075 0.3750 0.0075 0.3750 0.1088 0.3750 0.0493 0.4500 0.0493 0.6250 0.0492 0.6250 0.1088 0.4500 0.1088 0.3750 0.1405 0.3750 0.1346 0.4500 0.1346 0.6250 0.1346 0.6250 0.1405 0.4500 0.1405 0.3750 0.1881 0.3750 0.1822 0.4500 0.1822 0.6250 0.1822 0.6250 0.1881 0.4500 0.1881 0.6250 0.1981 0.6250 0.2040 0.4500 0.2040 0.3750 0.2040 0.3750 0.1981 0.4499 0.1981 0.3750 0.2199 0.3750 0.2140 0.4500 0.2140 0.6250 0.2140 0.6250 0.2199 0.4500 0.2199 0.4500 0.1505 0.6250 0.1505 0.6250 0.1564 0.4500 0.1564 0.3750 0.1564 0.3750 0.1505 0.3750 0.2500 0.6250 0.2500 0.6250 0.5000 0.3750 0.5000 0.6250 0.7500 0.3750 0.7500 0.3750 0.7425 0.4500 0.7425 0.6250 0.7425 0.6250 0.7325 0.4500 0.7325 0.3750 0.7325 0.3750 0.7266 0.4500 0.7266 0.6250 0.7266 0.6250 0.7166 0.4500 0.7166 0.3750 0.7166 0.3750 0.7107 0.4500 0.7107 0.6250 0.7107 0.6250 0.5995 0.4500 0.5995 0.3750 0.5995 0.3750 0.5936 0.4500 0.5936 0.6250 0.5936 0.6250 0.5836 0.4500 0.5836 0.3750 0.5836 0.3750 0.5777 0.4500 0.5777 0.6250 0.5777 0.3750 0.6412 0.4500 0.6413 0.6250 0.6413 0.6250 0.7007 0.4500 0.7007 0.3750 0.7007 0.3750 0.6254 0.4500 0.6254 0.6250 0.6254 0.6250 0.6313 0.4500 0.6312 0.3750 0.6312 0.3750 0.5619 0.4500 0.5619 0.6250 0.5619 0.6250 0.5677 0.4500 0.5678 0.3750 0.5677 0.3750 0.5201 0.3750 0.5000 0.6250 0.5000 0.6250 0.5201 0.4500 0.5201 0.4500 0.5301 0.6250 0.5301 0.6250 0.5360 0.4500 0.5360 0.3750 0.5360 0.3750 0.5301 0.4500 0.5460 0.6250 0.5460 0.6250 0.5519 0.4499 0.5519 0.3750 0.5519 0.3750 0.5460 0.4500 0.6095 0.6250 0.6095 0.6250 0.6154 0.4500 0.6154 0.3750 0.6154 0.3750 0.6095 0.3750 0.7500 0.6250 0.7500 0.6250 1.0000 0.3750 1.0000 0.3661 0.7325 0.3607 0.7325 0.3607 0.7425 0.3661 0.7425 0.3750 0.7425 0.3750 0.7500 0.1250 0.7500 0.1250 0.7425 0.1339 0.7425 0.1393 0.7425 0.1393 0.7325 0.1339 0.7325 0.1250 0.7325 0.1250 0.7266 0.1339 0.7266 0.1393 0.7266 0.1393 0.7166 0.1339 0.7166 0.1250 0.7166 0.1250 0.7107 0.1339 0.7108 0.1393 0.7107 0.1393 0.7007 0.1339 0.7007 0.1250 0.7007 0.1250 0.6412 0.1339 0.6413 0.1393 0.6412 0.1393 0.6313 0.1339 0.6313 0.1250 0.6312 0.1250 0.6254 0.1339 0.6254 0.1393 0.6254 0.1393 0.6154 0.1339 0.6154 0.1250 0.6154 0.1250 0.6095 0.1339 0.6095 0.1393 0.6095 0.1393 0.5995 0.1339 0.5995 0.1250 0.5995 0.1250 0.5936 0.1339 0.5936 0.1393 0.5936 0.1393 0.5836 0.1339 0.5836 0.1250 0.5836 0.1250 0.5777 0.1339 0.5777 0.1393 0.5778 0.1393 0.5678 0.1339 0.5678 0.1250 0.5677 0.1250 0.5619 0.1339 0.5619 0.1393 0.5619 0.1393 0.5519 0.1339 0.5519 0.1250 0.5519 0.1250 0.5460 0.1339 0.5460 0.1393 0.5460 0.1393 0.5360 0.1339 0.5360 0.1250 0.5360 0.1250 0.5301 0.1339 0.5301 0.1393 0.5301 0.1393 0.5201 0.1339 0.5201 0.1250 0.5201 0.1250 0.5000 0.3750 0.5000 0.3750 0.5201 0.3661 0.5201 0.3607 0.5201 0.3607 0.5301 0.3661 0.5301 0.3750 0.5301 0.3750 0.5360 0.3661 0.5360 0.3607 0.5360 0.3607 0.5460 0.3661 0.5460 0.3750 0.5460 0.3750 0.5519 0.3661 0.5519 0.3607 0.5519 0.3607 0.5619 0.3661 0.5619 0.3750 0.5619 0.3750 0.5677 0.3661 0.5678 0.3607 0.5678 0.3607 0.5778 0.3661 0.5778 0.3750 0.5777 0.3750 0.5836 0.3661 0.5836 0.3607 0.5836 0.3607 0.5936 0.3661 0.5936 0.3750 0.5936 0.3750 0.5995 0.3661 0.5995 0.3607 0.5995 0.3607 0.6095 0.3661 0.6095 0.3750 0.6095 0.3750 0.6154 0.3661 0.6154 0.3607 0.6154 0.3607 0.6254 0.3661 0.6254 0.3750 0.6254 0.3750 0.6313 0.3661 0.6312 0.3607 0.6313 0.3607 0.6412 0.3661 0.6413 0.3750 0.6413 0.3750 0.7007 0.3661 0.7007 0.3607 0.7007 0.3607 0.7107 0.3661 0.7107 0.3750 0.7107 0.3750 0.7166 0.3661 0.7166 0.3607 0.7166 0.3607 0.7266 0.3661 0.7266 0.3750 0.7266 0.3750 0.7325 0.8661 0.7325 0.8661 0.7425 0.8750 0.7425 0.8750 0.7500 0.6250 0.7500 0.6250 0.7425 0.6339 0.7425 0.6339 0.7325 0.6250 0.7325 0.6250 0.7266 0.6339 0.7266 0.6339 0.7166 0.6250 0.7166 0.6250 0.7107 0.6339 0.7108 0.6339 0.7007 0.6250 0.7007 0.6250 0.6412 0.6339 0.6413 0.6339 0.6313 0.6250 0.6312 0.6250 0.6254 0.6339 0.6254 0.6339 0.6154 0.6250 0.6154 0.6250 0.6095 0.6339 0.6095 0.6339 0.5995 0.6250 0.5995 0.6250 0.5936 0.6339 0.5936 0.6339 0.5836 0.6250 0.5836 0.6250 0.5777 0.6339 0.5777 0.6339 0.5678 0.6250 0.5677 0.6250 0.5619 0.6339 0.5619 0.6339 0.5519 0.6250 0.5519 0.6250 0.5460 0.6339 0.5460 0.6339 0.5360 0.6250 0.5360 0.6250 0.5301 0.6339 0.5301 0.6339 0.5201 0.6250 0.5201 0.6250 0.5000 0.8750 0.5000 0.8750 0.5201 0.8661 0.5201 0.8661 0.5301 0.8750 0.5301 0.8750 0.5360 0.8661 0.5360 0.8661 0.5460 0.8750 0.5460 0.8750 0.5519 0.8661 0.5519 0.8661 0.5619 0.8750 0.5619 0.8750 0.5677 0.8661 0.5678 0.8661 0.5778 0.8750 0.5777 0.8750 0.5836 0.8661 0.5836 0.8661 0.5936 0.8750 0.5936 0.8750 0.5995 0.8661 0.5995 0.8661 0.6095 0.8750 0.6095 0.8750 0.6154 0.8661 0.6154 0.8661 0.6254 0.8750 0.6254 0.8750 0.6313 0.8661 0.6312 0.8661 0.6413 0.8750 0.6413 0.8750 0.7007 0.8661 0.7007 0.8661 0.7107 0.8750 0.7107 0.8750 0.7166 0.8661 0.7166 0.8661 0.7266 0.8750 0.7266 0.8750 0.7325 0.5000 0.2505 0.5000 0.5000 0.6249 0.5000 0.6249 0.2505 0.6249 0.5000 0.5000 0.5000 0.5000 0.7500 0.6249 0.7500 0.6249 0.7500 0.5000 0.7500 0.5000 0.9995 0.6249 0.9995 0.5000 0.9995 0.5000 0.7500 0.3752 0.7500 0.3752 0.9995 0.5000 0.5000 0.5000 0.2505 0.3752 0.2505 0.3752 0.5000 0.3752 0.7500 0.5000 0.7500 0.5000 0.5000 0.3752 0.5000 0.3752 0.5000 0.5000 0.5000 0.5000 0.5000 0.3752 0.5000 0.5000 0.7500 0.5000 0.7500 0.5000 0.5000 0.5000 0.5000 0.3752 0.7500 0.5000 0.7500 0.5000 0.7500 0.3752 0.7500 0.5000 0.2505 0.5000 0.5000 0.6249 0.5000 0.6249 0.2505 0.6249 0.5000 0.5000 0.5000 0.5000 0.7500 0.6249 0.7500 0.6249 0.7500 0.5000 0.7500 0.5000 0.9995 0.6249 0.9995 0.5000 0.9995 0.5000 0.7500 0.3752 0.7500 0.3752 0.9995 0.5000 0.5000 0.5000 0.2505 0.3752 0.2505 0.3752 0.5000 0.3752 0.7500 0.5000 0.7500 0.5000 0.5000 0.3752 0.5000 0.3752 0.5000 0.5000 0.5000 0.5000 0.5000 0.3752 0.5000 0.5000 0.7500 0.5000 0.7500 0.5000 0.5000 0.5000 0.5000 0.3752 0.7500 0.5000 0.7500 0.5000 0.7500 0.3752 0.7500 0.5000 0.2505 0.5000 0.5000 0.6249 0.5000 0.6249 0.2505 0.6249 0.5000 0.5000 0.5000 0.5000 0.7500 0.6249 0.7500 0.6249 0.7500 0.5000 0.7500 0.5000 0.9995 0.6249 0.9995 0.5000 0.9995 0.5000 0.7500 0.3752 0.7500 0.3752 0.9995 0.5000 0.5000 0.5000 0.2505 0.3752 0.2505 0.3752 0.5000 0.3752 0.7500 0.5000 0.7500 0.5000 0.5000 0.3752 0.5000 0.3752 0.5000 0.5000 0.5000 0.5000 0.5000 0.3752 0.5000 0.5000 0.7500 0.5000 0.7500 0.5000 0.5000 0.5000 0.5000 0.3752 0.7500 0.5000 0.7500 0.5000 0.7500 0.3752 0.7500 0.5000 0.2505 0.5000 0.5000 0.6249 0.5000 0.6249 0.2505 0.6249 0.5000 0.5000 0.5000 0.5000 0.7500 0.6249 0.7500 0.6249 0.7500 0.5000 0.7500 0.5000 0.9995 0.6249 0.9995 0.5000 0.9995 0.5000 0.7500 0.3752 0.7500 0.3752 0.9995 0.5000 0.5000 0.5000 0.2505 0.3752 0.2505 0.3752 0.5000 0.3752 0.7500 0.5000 0.7500 0.5000 0.5000 0.3752 0.5000 0.3752 0.5000 0.5000 0.5000 0.5000 0.5000 0.3752 0.5000 0.5000 0.7500 0.5000 0.7500 0.5000 0.5000 0.5000 0.5000 0.3752 0.7500 0.5000 0.7500 0.5000 0.7500 0.3752 0.7500 0.5000 0.2505 0.5000 0.5000 0.6249 0.5000 0.6249 0.2505 0.6249 0.5000 0.5000 0.5000 0.5000 0.7500 0.6249 0.7500 0.6249 0.7500 0.5000 0.7500 0.5000 0.9995 0.6249 0.9995 0.5000 0.9995 0.5000 0.7500 0.3752 0.7500 0.3752 0.9995 0.5000 0.5000 0.5000 0.2505 0.3752 0.2505 0.3752 0.5000 0.3752 0.7500 0.5000 0.7500 0.5000 0.5000 0.3752 0.5000 0.3752 0.5000 0.5000 0.5000 0.5000 0.5000 0.3752 0.5000 0.5000 0.7500 0.5000 0.7500 0.5000 0.5000 0.5000 0.5000 0.3752 0.7500 0.5000 0.7500 0.5000 0.7500 0.3752 0.7500 0.5000 0.2505 0.5000 0.5000 0.6249 0.5000 0.6249 0.2505 0.6249 0.5000 0.5000 0.5000 0.5000 0.7500 0.6249 0.7500 0.6249 0.7500 0.5000 0.7500 0.5000 0.9995 0.6249 0.9995 0.5000 0.9995 0.5000 0.7500 0.3752 0.7500 0.3752 0.9995 0.5000 0.5000 0.5000 0.2505 0.3752 0.2505 0.3752 0.5000 0.3752 0.7500 0.5000 0.7500 0.5000 0.5000 0.3752 0.5000 0.3752 0.5000 0.5000 0.5000 0.5000 0.5000 0.3752 0.5000 0.5000 0.7500 0.5000 0.7500 0.5000 0.5000 0.5000 0.5000 0.3752 0.7500 0.5000 0.7500 0.5000 0.7500 0.3752 0.7500 0.5000 0.2505 0.5000 0.5000 0.6249 0.5000 0.6249 0.2505 0.6249 0.5000 0.5000 0.5000 0.5000 0.7500 0.6249 0.7500 0.6249 0.7500 0.5000 0.7500 0.5000 0.9995 0.6249 0.9995 0.5000 0.9995 0.5000 0.7500 0.3752 0.7500 0.3752 0.9995 0.5000 0.5000 0.5000 0.2505 0.3752 0.2505 0.3752 0.5000 0.3752 0.7500 0.5000 0.7500 0.5000 0.5000 0.3752 0.5000 0.3752 0.5000 0.5000 0.5000 0.5000 0.5000 0.3752 0.5000 0.5000 0.7500 0.5000 0.7500 0.5000 0.5000 0.5000 0.5000 0.3752 0.7500 0.5000 0.7500 0.5000 0.7500 0.3752 0.7500 0.5000 0.2505 0.5000 0.5000 0.6249 0.5000 0.6249 0.2505 0.6249 0.5000 0.5000 0.5000 0.5000 0.7500 0.6249 0.7500 0.6249 0.7500 0.5000 0.7500 0.5000 0.9995 0.6249 0.9995 0.5000 0.9995 0.5000 0.7500 0.3752 0.7500 0.3752 0.9995 0.5000 0.5000 0.5000 0.2505 0.3752 0.2505 0.3752 0.5000 0.3752 0.7500 0.5000 0.7500 0.5000 0.5000 0.3752 0.5000 0.3752 0.5000 0.5000 0.5000 0.5000 0.5000 0.3752 0.5000 0.5000 0.7500 0.5000 0.7500 0.5000 0.5000 0.5000 0.5000 0.3752 0.7500 0.5000 0.7500 0.5000 0.7500 0.3752 0.7500 0.5000 0.2505 0.5000 0.5000 0.6249 0.5000 0.6249 0.2505 0.6249 0.5000 0.5000 0.5000 0.5000 0.7500 0.6249 0.7500 0.6249 0.7500 0.5000 0.7500 0.5000 0.9995 0.6249 0.9995 0.5000 0.9995 0.5000 0.7500 0.3752 0.7500 0.3752 0.9995 0.5000 0.5000 0.5000 0.2505 0.3752 0.2505 0.3752 0.5000 0.3752 0.7500 0.5000 0.7500 0.5000 0.5000 0.3752 0.5000 0.3752 0.5000 0.5000 0.5000 0.5000 0.5000 0.3752 0.5000 0.5000 0.7500 0.5000 0.7500 0.5000 0.5000 0.5000 0.5000 0.3752 0.7500 0.5000 0.7500 0.5000 0.7500 0.3752 0.7500 0.5000 0.2505 0.5000 0.5000 0.6249 0.5000 0.6249 0.2505 0.6249 0.5000 0.5000 0.5000 0.5000 0.7500 0.6249 0.7500 0.6249 0.7500 0.5000 0.7500 0.5000 0.9995 0.6249 0.9995 0.5000 0.9995 0.5000 0.7500 0.3752 0.7500 0.3752 0.9995 0.5000 0.5000 0.5000 0.2505 0.3752 0.2505 0.3752 0.5000 0.3752 0.7500 0.5000 0.7500 0.5000 0.5000 0.3752 0.5000 0.3752 0.5000 0.5000 0.5000 0.5000 0.5000 0.3752 0.5000 0.5000 0.7500 0.5000 0.7500 0.5000 0.5000 0.5000 0.5000 0.3752 0.7500 0.5000 0.7500 0.5000 0.7500 0.3752 0.7500 0.5000 0.2505 0.5000 0.5000 0.6249 0.5000 0.6249 0.2505 0.6249 0.5000 0.5000 0.5000 0.5000 0.7500 0.6249 0.7500 0.6249 0.7500 0.5000 0.7500 0.5000 0.9995 0.6249 0.9995 0.5000 0.9995 0.5000 0.7500 0.3752 0.7500 0.3752 0.9995 0.5000 0.5000 0.5000 0.2505 0.3752 0.2505 0.3752 0.5000 0.3752 0.7500 0.5000 0.7500 0.5000 0.5000 0.3752 0.5000 0.3752 0.5000 0.5000 0.5000 0.5000 0.5000 0.3752 0.5000 0.5000 0.7500 0.5000 0.7500 0.5000 0.5000 0.5000 0.5000 0.3752 0.7500 0.5000 0.7500 0.5000 0.7500 0.3752 0.7500 0.5000 0.5000 0.5000 0.2505 0.6249 0.2505 0.6249 0.5000 0.5000 0.7500 0.5000 0.5000 0.6249 0.5000 0.6249 0.7500 0.6249 0.9995 0.5000 0.9995 0.5000 0.7500 0.6249 0.7500 0.3752 0.7500 0.5000 0.7500 0.5000 0.9995 0.3752 0.9995 0.5000 0.2505 0.5000 0.5000 0.3752 0.5000 0.3752 0.2505 0.3752 0.5000 0.5000 0.5000 0.5000 0.7500 0.3752 0.7500 0.5000 0.5000 0.5000 0.5000 0.3752 0.5000 0.3752 0.5000 0.5000 0.5000 0.5000 0.7500 0.5000 0.7500 0.5000 0.5000 0.3752 0.7500 0.5000 0.7500 0.5000 0.7500 0.3752 0.7500 0.5000 0.5000 0.5000 0.2505 0.6249 0.2505 0.6249 0.5000 0.5000 0.7500 0.5000 0.5000 0.6249 0.5000 0.6249 0.7500 0.6249 0.9995 0.5000 0.9995 0.5000 0.7500 0.6249 0.7500 0.3752 0.7500 0.5000 0.7500 0.5000 0.9995 0.3752 0.9995 0.5000 0.2505 0.5000 0.5000 0.3752 0.5000 0.3752 0.2505 0.3752 0.5000 0.5000 0.5000 0.5000 0.7500 0.3752 0.7500 0.5000 0.5000 0.5000 0.5000 0.3752 0.5000 0.3752 0.5000 0.5000 0.5000 0.5000 0.7500 0.5000 0.7500 0.5000 0.5000 0.3752 0.7500 0.5000 0.7500 0.5000 0.7500 0.3752 0.7500 0.5000 0.5000 0.5000 0.2505 0.6249 0.2505 0.6249 0.5000 0.5000 0.7500 0.5000 0.5000 0.6249 0.5000 0.6249 0.7500 0.6249 0.9995 0.5000 0.9995 0.5000 0.7500 0.6249 0.7500 0.3752 0.7500 0.5000 0.7500 0.5000 0.9995 0.3752 0.9995 0.5000 0.2505 0.5000 0.5000 0.3752 0.5000 0.3752 0.2505 0.3752 0.5000 0.5000 0.5000 0.5000 0.7500 0.3752 0.7500 0.5000 0.5000 0.5000 0.5000 0.3752 0.5000 0.3752 0.5000 0.5000 0.5000 0.5000 0.7500 0.5000 0.7500 0.5000 0.5000 0.3752 0.7500 0.5000 0.7500 0.5000 0.7500 0.3752 0.7500 0.5000 0.5000 0.5000 0.2505 0.6249 0.2505 0.6249 0.5000 0.5000 0.7500 0.5000 0.5000 0.6249 0.5000 0.6249 0.7500 0.6249 0.9995 0.5000 0.9995 0.5000 0.7500 0.6249 0.7500 0.3752 0.7500 0.5000 0.7500 0.5000 0.9995 0.3752 0.9995 0.5000 0.2505 0.5000 0.5000 0.3752 0.5000 0.3752 0.2505 0.3752 0.5000 0.5000 0.5000 0.5000 0.7500 0.3752 0.7500 0.5000 0.5000 0.5000 0.5000 0.3752 0.5000 0.3752 0.5000 0.5000 0.5000 0.5000 0.7500 0.5000 0.7500 0.5000 0.5000 0.3752 0.7500 0.5000 0.7500 0.5000 0.7500 0.3752 0.7500 0.5000 0.5000 0.5000 0.2505 0.6249 0.2505 0.6249 0.5000 0.5000 0.7500 0.5000 0.5000 0.6249 0.5000 0.6249 0.7500 0.6249 0.9995 0.5000 0.9995 0.5000 0.7500 0.6249 0.7500 0.3752 0.7500 0.5000 0.7500 0.5000 0.9995 0.3752 0.9995 0.5000 0.2505 0.5000 0.5000 0.3752 0.5000 0.3752 0.2505 0.3752 0.5000 0.5000 0.5000 0.5000 0.7500 0.3752 0.7500 0.5000 0.5000 0.5000 0.5000 0.3752 0.5000 0.3752 0.5000 0.5000 0.5000 0.5000 0.7500 0.5000 0.7500 0.5000 0.5000 0.3752 0.7500 0.5000 0.7500 0.5000 0.7500 0.3752 0.7500 0.5000 0.5000 0.5000 0.2505 0.6249 0.2505 0.6249 0.5000 0.5000 0.7500 0.5000 0.5000 0.6249 0.5000 0.6249 0.7500 0.6249 0.9995 0.5000 0.9995 0.5000 0.7500 0.6249 0.7500 0.3752 0.7500 0.5000 0.7500 0.5000 0.9995 0.3752 0.9995 0.5000 0.2505 0.5000 0.5000 0.3752 0.5000 0.3752 0.2505 0.3752 0.5000 0.5000 0.5000 0.5000 0.7500 0.3752 0.7500 0.5000 0.5000 0.5000 0.5000 0.3752 0.5000 0.3752 0.5000 0.5000 0.5000 0.5000 0.7500 0.5000 0.7500 0.5000 0.5000 0.3752 0.7500 0.5000 0.7500 0.5000 0.7500 0.3752 0.7500 0.5000 0.5000 0.5000 0.2505 0.6249 0.2505 0.6249 0.5000 0.5000 0.7500 0.5000 0.5000 0.6249 0.5000 0.6249 0.7500 0.6249 0.9995 0.5000 0.9995 0.5000 0.7500 0.6249 0.7500 0.3752 0.7500 0.5000 0.7500 0.5000 0.9995 0.3752 0.9995 0.5000 0.2505 0.5000 0.5000 0.3752 0.5000 0.3752 0.2505 0.3752 0.5000 0.5000 0.5000 0.5000 0.7500 0.3752 0.7500 0.5000 0.5000 0.5000 0.5000 0.3752 0.5000 0.3752 0.5000 0.5000 0.5000 0.5000 0.7500 0.5000 0.7500 0.5000 0.5000 0.3752 0.7500 0.5000 0.7500 0.5000 0.7500 0.3752 0.7500 0.5000 0.5000 0.5000 0.2505 0.6249 0.2505 0.6249 0.5000 0.5000 0.7500 0.5000 0.5000 0.6249 0.5000 0.6249 0.7500 0.6249 0.9995 0.5000 0.9995 0.5000 0.7500 0.6249 0.7500 0.3752 0.7500 0.5000 0.7500 0.5000 0.9995 0.3752 0.9995 0.5000 0.2505 0.5000 0.5000 0.3752 0.5000 0.3752 0.2505 0.3752 0.5000 0.5000 0.5000 0.5000 0.7500 0.3752 0.7500 0.5000 0.5000 0.5000 0.5000 0.3752 0.5000 0.3752 0.5000 0.5000 0.5000 0.5000 0.7500 0.5000 0.7500 0.5000 0.5000 0.3752 0.7500 0.5000 0.7500 0.5000 0.7500 0.3752 0.7500 0.5000 0.5000 0.5000 0.2505 0.6249 0.2505 0.6249 0.5000 0.5000 0.7500 0.5000 0.5000 0.6249 0.5000 0.6249 0.7500 0.6249 0.9995 0.5000 0.9995 0.5000 0.7500 0.6249 0.7500 0.3752 0.7500 0.5000 0.7500 0.5000 0.9995 0.3752 0.9995 0.5000 0.2505 0.5000 0.5000 0.3752 0.5000 0.3752 0.2505 0.3752 0.5000 0.5000 0.5000 0.5000 0.7500 0.3752 0.7500 0.5000 0.5000 0.5000 0.5000 0.3752 0.5000 0.3752 0.5000 0.5000 0.5000 0.5000 0.7500 0.5000 0.7500 0.5000 0.5000 0.3752 0.7500 0.5000 0.7500 0.5000 0.7500 0.3752 0.7500 0.5000 0.5000 0.5000 0.2505 0.6249 0.2505 0.6249 0.5000 0.5000 0.7500 0.5000 0.5000 0.6249 0.5000 0.6249 0.7500 0.6249 0.9995 0.5000 0.9995 0.5000 0.7500 0.6249 0.7500 0.3752 0.7500 0.5000 0.7500 0.5000 0.9995 0.3752 0.9995 0.5000 0.2505 0.5000 0.5000 0.3752 0.5000 0.3752 0.2505 0.3752 0.5000 0.5000 0.5000 0.5000 0.7500 0.3752 0.7500 0.5000 0.5000 0.5000 0.5000 0.3752 0.5000 0.3752 0.5000 0.5000 0.5000 0.5000 0.7500 0.5000 0.7500 0.5000 0.5000 0.3752 0.7500 0.5000 0.7500 0.5000 0.7500 0.3752 0.7500 0.5000 0.5000 0.5000 0.2505 0.6249 0.2505 0.6249 0.5000 0.5000 0.7500 0.5000 0.5000 0.6249 0.5000 0.6249 0.7500 0.6249 0.9995 0.5000 0.9995 0.5000 0.7500 0.6249 0.7500 0.3752 0.7500 0.5000 0.7500 0.5000 0.9995 0.3752 0.9995 0.5000 0.2505 0.5000 0.5000 0.3752 0.5000 0.3752 0.2505 0.3752 0.5000 0.5000 0.5000 0.5000 0.7500 0.3752 0.7500 0.5000 0.5000 0.5000 0.5000 0.3752 0.5000 0.3752 0.5000 0.5000 0.5000 0.5000 0.7500 0.5000 0.7500 0.5000 0.5000 0.3752 0.7500 0.5000 0.7500 0.5000 0.7500 0.3752 0.7500 " />
						</IndexedFaceSet>
					</Shape>
				</Group>
			</Transform>
		</Transform>
		<Transform DEF="Radiator_TRANSFORM"
		           translation="-0.000094 0.590692 -0.000042"
		           scale="39.370079 39.370079 39.370079"
		           rotation="-1.000000 0.000000 0.000000 1.570796"
		           >
			<Transform DEF="Radiator_ifs_TRANSFORM"
			           translation="0.000000 0.000000 0.000000"
			           scale="1.000000 1.000000 1.000000"
			           rotation="0.000000 1.000000 0.000000 0.000000"
			           >
				<Group DEF="group_ME_Cube_002">
					<Shape>
						<Appearance>
							<Material USE="MA_Radiator" />
						</Appearance>
						<IndexedFaceSet solid="false"
						                normalPerVertex="true"
						                texCoordIndex="0 1 2 3 -1 4 5 6 7 -1 8 9 10 11 -1 12 13 14 15 -1 16 17 18 19 -1 20 21 22 23 -1 24 25 26 27 -1 28 29 30 31 -1 32 33 34 35 -1 36 37 38 39 -1 40 41 42 43 -1 "
						                coordIndex="6 7 1 0 -1 10 11 5 4 -1 8 9 3 2 -1 11 1 7 14 -1 4 5 9 8 -1 5 11 14 9 -1 9 14 13 3 -1 2 3 13 12 -1 0 1 11 10 -1 13 14 15 12 -1 15 14 7 6 -1 "
						                >
							<Coordinate DEF="coords_ME_Cube_002"
							            point="-0.065000 0.095000 -0.005000 -0.065000 0.095000 0.005000 0.065000 -0.095000 -0.005000 0.065000 -0.095000 0.005000 0.065000 0.095000 -0.005000 0.065000 0.095000 0.005000 -0.065000 -0.055000 -0.005000 -0.065000 -0.055000 0.005000 0.065000 -0.055000 -0.005000 0.065000 -0.055000 0.005000 -0.025000 0.095000 -0.005000 -0.025000 0.095000 0.005000 -0.025000 -0.095000 -0.005000 -0.025000 -0.095000 0.005000 -0.025000 -0.055000 0.005000 -0.025000 -0.055000 -0.005000 "
							            />
							<Normal DEF="normals_ME_Cube_002"
							        vector="-0.707107 0.707107 0.000000 -0.577350 0.577350 0.577350 0.707107 -0.707107 0.000000 0.577350 -0.577350 0.577350 0.707107 0.707107 0.000000 0.577350 0.577350 0.577350 -0.707107 -0.707107 0.000000 -0.577350 -0.577350 0.577350 1.000000 0.000000 0.000000 0.707107 0.000000 0.707107 0.000000 1.000000 0.000000 0.000000 0.707107 0.707107 -0.707107 -0.707107 0.000000 -0.577350 -0.577350 0.577350 -0.301511 -0.301511 0.904534 -0.707107 -0.707107 0.000000 "
							        />
							<TextureCoordinate point="0.3750 0.0278 0.6250 0.0278 0.6250 0.2500 0.3750 0.2500 0.3750 0.2917 0.6250 0.2917 0.6250 0.5000 0.3750 0.5000 0.3750 0.7222 0.6250 0.7222 0.6250 0.7500 0.3750 0.7500 0.8333 0.5000 0.8750 0.5000 0.8750 0.7222 0.8333 0.7222 0.3750 0.5000 0.6250 0.5000 0.6250 0.7222 0.3750 0.7222 0.6250 0.5000 0.8333 0.5000 0.8333 0.7222 0.6250 0.7222 0.6250 0.7222 0.8333 0.7222 0.8333 0.7500 0.6250 0.7500 0.3750 0.7500 0.6250 0.7500 0.6250 0.9583 0.3750 0.9583 0.3750 0.2500 0.6250 0.2500 0.6250 0.2917 0.3750 0.2917 0.6250 0.9583 0.8333 0.7222 0.1667 0.7222 0.3750 0.9583 0.1667 0.7222 0.8333 0.7222 0.8750 0.7222 0.3750 0.0278 " />
						</IndexedFaceSet>
					</Shape>
				</Group>
			</Transform>
		</Transform>
	</Scene>
</X3D>